-- phpMyAdmin SQL Dump
-- version 4.6.6deb5
-- https://www.phpmyadmin.net/
--
-- Host: localhost:3306
-- Generation Time: Apr 03, 2019 at 03:33 PM
-- Server version: 5.7.24-0ubuntu0.18.04.1
-- PHP Version: 7.2.10-0ubuntu0.18.04.1

SET SQL_MODE = "NO_AUTO_VALUE_ON_ZERO";
SET time_zone = "+00:00";


/*!40101 SET @OLD_CHARACTER_SET_CLIENT=@@CHARACTER_SET_CLIENT */;
/*!40101 SET @OLD_CHARACTER_SET_RESULTS=@@CHARACTER_SET_RESULTS */;
/*!40101 SET @OLD_COLLATION_CONNECTION=@@COLLATION_CONNECTION */;
/*!40101 SET NAMES utf8mb4 */;

--
-- Database: `TaskDb`
--

-- --------------------------------------------------------

--
-- Table structure for table `category`
--

CREATE TABLE `category` (
  `id` int(11) NOT NULL,
  `label` varchar(255) NOT NULL,
  `image` blob NOT NULL
) ENGINE=InnoDB DEFAULT CHARSET=latin1;

-- --------------------------------------------------------

--
-- Table structure for table `migrations`
--

CREATE TABLE `migrations` (
  `id` int(10) UNSIGNED NOT NULL,
  `migration` varchar(255) COLLATE utf8mb4_unicode_ci NOT NULL,
  `batch` int(11) NOT NULL
) ENGINE=InnoDB DEFAULT CHARSET=utf8mb4 COLLATE=utf8mb4_unicode_ci;

--
-- Dumping data for table `migrations`
--

INSERT INTO `migrations` (`id`, `migration`, `batch`) VALUES
(1, '2014_10_12_000000_create_users_table', 1),
(2, '2014_10_12_100000_create_password_resets_table', 1);

-- --------------------------------------------------------

--
-- Table structure for table `password_resets`
--

CREATE TABLE `password_resets` (
  `id` int(10) UNSIGNED NOT NULL,
  `email` varchar(255) COLLATE utf8mb4_unicode_ci NOT NULL,
  `token` varchar(255) COLLATE utf8mb4_unicode_ci NOT NULL,
  `created_at` timestamp NULL DEFAULT NULL
) ENGINE=InnoDB DEFAULT CHARSET=utf8mb4 COLLATE=utf8mb4_unicode_ci;

--
-- Dumping data for table `password_resets`
--

INSERT INTO `password_resets` (`id`, `email`, `token`, `created_at`) VALUES
(4, 'elidoom88@gmail.com', '$2y$10$cXYx2eoE6c4KPF/dapbI7.NxLtXFKLpXdNNj8ReP9rUH/jnujjUGC', '2019-04-03 07:22:57');

-- --------------------------------------------------------

--
-- Table structure for table `tasks`
--

CREATE TABLE `tasks` (
  `id` int(10) UNSIGNED NOT NULL,
  `user_id` int(10) UNSIGNED NOT NULL,
  `category-id` int(10) UNSIGNED NOT NULL,
  `title` varchar(255) COLLATE utf8mb4_unicode_ci NOT NULL,
  `is_complete` tinyint(1) NOT NULL,
  `created_at` timestamp NULL DEFAULT NULL,
  `updated_at` timestamp NULL DEFAULT NULL
) ENGINE=InnoDB DEFAULT CHARSET=utf8mb4 COLLATE=utf8mb4_unicode_ci;

--
-- Dumping data for table `tasks`
--

INSERT INTO `tasks` (`id`, `user_id`, `category-id`, `title`, `is_complete`, `created_at`, `updated_at`) VALUES
(1, 1, 0, 'In labore quibusdam impedit vel.', 1, '2019-04-03 07:56:30', '2019-04-03 07:56:30'),
(2, 1, 0, 'Natus molestiae ipsum dolorem nemo.', 1, '2019-04-03 07:56:30', '2019-04-03 09:53:52'),
(3, 1, 0, 'Qui repellat minima et ut consequatur.', 1, '2019-04-03 07:56:30', '2019-04-03 09:53:56'),
(4, 1, 0, 'Soluta et provident quos omnis suscipit.', 1, '2019-04-03 07:56:30', '2019-04-03 09:53:58'),
(5, 1, 0, 'Consequuntur aliquid dolores facere dolores iusto.', 1, '2019-04-03 07:56:30', '2019-04-03 10:27:31'),
(6, 1, 0, 'In dolores nulla omnis accusamus.', 1, '2019-04-03 07:56:30', '2019-04-03 07:56:30'),
(7, 1, 0, 'At sed quae error.', 1, '2019-04-03 07:56:30', '2019-04-03 10:27:33'),
(8, 1, 0, 'Nobis et voluptatem saepe ut quas in cum.', 1, '2019-04-03 07:56:30', '2019-04-03 07:56:30'),
(9, 1, 0, 'Quasi porro qui nihil.', 1, '2019-04-03 07:56:30', '2019-04-03 10:27:34'),
(10, 1, 0, 'Eveniet nihil est quo ipsum nam.', 0, '2019-04-03 07:56:30', '2019-04-03 07:56:30'),
(11, 1, 0, 'Tempora omnis ea eum rerum id.', 0, '2019-04-03 07:56:30', '2019-04-03 07:56:30'),
(12, 2, 0, 'Fugit velit nihil qui est qui eligendi.', 1, '2019-04-03 07:56:30', '2019-04-03 07:56:30'),
(13, 2, 0, 'Corporis rerum qui dolor ipsam iusto veniam quia.', 0, '2019-04-03 07:56:30', '2019-04-03 07:56:30'),
(14, 2, 0, 'Ipsam expedita id sed rerum distinctio.', 1, '2019-04-03 07:56:30', '2019-04-03 07:56:30'),
(15, 2, 0, 'Consectetur voluptas laborum repellendus dolores.', 1, '2019-04-03 07:56:30', '2019-04-03 07:56:30'),
(16, 2, 0, 'Impedit aut quia inventore laudantium.', 1, '2019-04-03 07:56:30', '2019-04-03 07:56:30'),
(17, 2, 0, 'Officia maiores quo sed quo est qui voluptatem.', 0, '2019-04-03 07:56:30', '2019-04-03 07:56:30'),
(18, 2, 0, 'Et inventore voluptatibus cupiditate id sequi sed ut.', 1, '2019-04-03 07:56:30', '2019-04-03 07:56:30'),
(19, 2, 0, 'Laboriosam perspiciatis repellat et et laboriosam omnis non.', 0, '2019-04-03 07:56:30', '2019-04-03 07:56:30'),
(20, 2, 0, 'Dicta harum ad qui voluptatem debitis rerum enim.', 0, '2019-04-03 07:56:30', '2019-04-03 07:56:30'),
(21, 2, 0, 'Ipsa quos debitis quis eos unde.', 1, '2019-04-03 07:56:30', '2019-04-03 07:56:30'),
(22, 2, 0, 'Eligendi nihil voluptas voluptatem est veniam omnis ipsam.', 1, '2019-04-03 07:56:30', '2019-04-03 07:56:30'),
(23, 2, 0, 'Totam vitae et soluta id veniam unde cumque nihil.', 1, '2019-04-03 07:56:30', '2019-04-03 07:56:30'),
(24, 2, 0, 'Illum sed aspernatur aliquam aut nostrum esse nulla.', 1, '2019-04-03 07:56:30', '2019-04-03 07:56:30'),
(25, 2, 0, 'Aut qui delectus maxime dolorum aperiam ex.', 0, '2019-04-03 07:56:30', '2019-04-03 07:56:30'),
(26, 2, 0, 'Et dolorum et quia voluptatem est libero omnis.', 0, '2019-04-03 07:56:30', '2019-04-03 07:56:30'),
(27, 2, 0, 'Sint voluptatem nihil vero saepe quibusdam debitis.', 0, '2019-04-03 07:56:30', '2019-04-03 07:56:30'),
(28, 2, 0, 'Voluptatibus unde praesentium unde a sit vel ut.', 1, '2019-04-03 07:56:30', '2019-04-03 07:56:30'),
(29, 3, 0, 'Est culpa cupiditate autem et quis.', 0, '2019-04-03 07:56:30', '2019-04-03 07:56:30'),
(30, 3, 0, 'Iusto qui pariatur et pariatur soluta.', 0, '2019-04-03 07:56:30', '2019-04-03 07:56:30'),
(31, 3, 0, 'Saepe sit ipsa omnis itaque.', 0, '2019-04-03 07:56:30', '2019-04-03 07:56:30'),
(32, 3, 0, 'Dicta quia earum quas at illo eos.', 0, '2019-04-03 07:56:30', '2019-04-03 07:56:30'),
(33, 3, 0, 'Quae id culpa magni consequatur quia porro laboriosam.', 0, '2019-04-03 07:56:30', '2019-04-03 07:56:30'),
(34, 3, 0, 'In dolorem similique ut.', 0, '2019-04-03 07:56:30', '2019-04-03 07:56:30'),
(35, 3, 0, 'Optio reiciendis et ea maiores dignissimos est sit modi.', 0, '2019-04-03 07:56:30', '2019-04-03 07:56:30'),
(36, 3, 0, 'Maxime velit hic atque blanditiis quibusdam tempore ratione.', 0, '2019-04-03 07:56:30', '2019-04-03 07:56:30'),
(37, 3, 0, 'Itaque non quasi minima animi in autem.', 0, '2019-04-03 07:56:30', '2019-04-03 07:56:30'),
(38, 3, 0, 'Magnam aut nihil quod accusamus saepe.', 1, '2019-04-03 07:56:31', '2019-04-03 07:56:31'),
(39, 3, 0, 'Voluptates ad quo neque magni.', 1, '2019-04-03 07:56:31', '2019-04-03 07:56:31'),
(40, 3, 0, 'Saepe eius omnis et a error recusandae.', 1, '2019-04-03 07:56:31', '2019-04-03 07:56:31'),
(41, 3, 0, 'Odit ducimus delectus reiciendis ipsam.', 0, '2019-04-03 07:56:31', '2019-04-03 07:56:31'),
(42, 3, 0, 'Aut nisi ea enim iste.', 1, '2019-04-03 07:56:31', '2019-04-03 07:56:31'),
(43, 3, 0, 'Mollitia atque error magnam et quo rem quasi.', 0, '2019-04-03 07:56:31', '2019-04-03 07:56:31'),
(44, 3, 0, 'Rerum occaecati nihil quae est.', 1, '2019-04-03 07:56:31', '2019-04-03 07:56:31'),
(45, 3, 0, 'Quasi maxime quo voluptatem molestiae.', 1, '2019-04-03 07:56:31', '2019-04-03 07:56:31'),
(46, 3, 0, 'Possimus quo labore sunt qui distinctio.', 0, '2019-04-03 07:56:31', '2019-04-03 07:56:31'),
(47, 4, 0, 'Aut a ea fuga amet quae iusto dolore.', 0, '2019-04-03 07:56:31', '2019-04-03 07:56:31'),
(48, 4, 0, 'Est est explicabo tenetur qui.', 0, '2019-04-03 07:56:31', '2019-04-03 07:56:31'),
(49, 4, 0, 'Fuga ut aut suscipit illum culpa odio consequatur et.', 1, '2019-04-03 07:56:31', '2019-04-03 07:56:31'),
(50, 4, 0, 'Consectetur quos sit numquam blanditiis esse.', 1, '2019-04-03 07:56:31', '2019-04-03 07:56:31'),
(51, 4, 0, 'Quae harum magnam enim quibusdam est placeat.', 1, '2019-04-03 07:56:31', '2019-04-03 07:56:31'),
(52, 4, 0, 'Illum dolore adipisci delectus eveniet neque.', 0, '2019-04-03 07:56:31', '2019-04-03 07:56:31'),
(53, 4, 0, 'Nobis laudantium consequuntur eum officia quos cumque.', 0, '2019-04-03 07:56:31', '2019-04-03 07:56:31'),
(54, 4, 0, 'Quos eos est exercitationem velit.', 1, '2019-04-03 07:56:31', '2019-04-03 07:56:31'),
(55, 4, 0, 'Ut omnis dolore eum hic.', 1, '2019-04-03 07:56:31', '2019-04-03 07:56:31'),
(56, 4, 0, 'Et natus repellat sit.', 1, '2019-04-03 07:56:31', '2019-04-03 07:56:31'),
(57, 4, 0, 'Sunt delectus mollitia eos voluptatem eum aut.', 1, '2019-04-03 07:56:31', '2019-04-03 07:56:31'),
(58, 5, 0, 'Qui eligendi officia voluptas.', 1, '2019-04-03 07:56:31', '2019-04-03 07:56:31'),
(59, 5, 0, 'Neque voluptas cupiditate quasi.', 1, '2019-04-03 07:56:31', '2019-04-03 07:56:31'),
(60, 5, 0, 'Rem vitae soluta aut culpa quia omnis doloribus unde.', 1, '2019-04-03 07:56:31', '2019-04-03 07:56:31'),
(61, 5, 0, 'Quo laudantium eveniet omnis aut incidunt et.', 0, '2019-04-03 07:56:31', '2019-04-03 07:56:31'),
(62, 5, 0, 'Cum et dolores voluptatibus suscipit.', 1, '2019-04-03 07:56:31', '2019-04-03 07:56:31'),
(63, 5, 0, 'Qui perspiciatis aut corporis ex soluta.', 1, '2019-04-03 07:56:31', '2019-04-03 07:56:31'),
(64, 5, 0, 'Eum cum fuga repudiandae sequi.', 0, '2019-04-03 07:56:31', '2019-04-03 07:56:31'),
(65, 5, 0, 'Culpa dicta vero consequuntur ipsam.', 0, '2019-04-03 07:56:31', '2019-04-03 07:56:31'),
(66, 5, 0, 'Rerum maxime vel nisi facilis.', 0, '2019-04-03 07:56:31', '2019-04-03 07:56:31'),
(67, 5, 0, 'Dolore in qui quo ut ex quo totam.', 1, '2019-04-03 07:56:31', '2019-04-03 07:56:31'),
(68, 6, 0, 'Rerum vel vel dolore corrupti.', 1, '2019-04-03 07:56:31', '2019-04-03 07:56:31'),
(69, 6, 0, 'Tenetur dolorem eius quia nihil omnis numquam.', 0, '2019-04-03 07:56:31', '2019-04-03 07:56:31'),
(70, 6, 0, 'Dignissimos maxime fugit distinctio neque.', 1, '2019-04-03 07:56:31', '2019-04-03 07:56:31'),
(71, 6, 0, 'Quo occaecati velit consequuntur quae nisi sapiente.', 1, '2019-04-03 07:56:31', '2019-04-03 07:56:31'),
(72, 6, 0, 'Ut unde omnis et dolores.', 1, '2019-04-03 07:56:31', '2019-04-03 07:56:31'),
(73, 6, 0, 'Voluptatum quam vero quas laborum possimus.', 1, '2019-04-03 07:56:31', '2019-04-03 07:56:31'),
(74, 6, 0, 'Atque quo voluptates assumenda aut et.', 0, '2019-04-03 07:56:31', '2019-04-03 07:56:31'),
(75, 6, 0, 'Omnis consequatur error in nesciunt.', 1, '2019-04-03 07:56:31', '2019-04-03 07:56:31'),
(76, 6, 0, 'Et sequi et voluptas quam officiis explicabo officiis doloremque.', 0, '2019-04-03 07:56:31', '2019-04-03 07:56:31'),
(77, 6, 0, 'Voluptatum non et facere delectus.', 1, '2019-04-03 07:56:31', '2019-04-03 07:56:31'),
(78, 6, 0, 'Laboriosam dolorem fugit sit.', 1, '2019-04-03 07:56:31', '2019-04-03 07:56:31'),
(79, 6, 0, 'Nihil dolores distinctio pariatur non iure quia quae.', 1, '2019-04-03 07:56:31', '2019-04-03 07:56:31'),
(80, 6, 0, 'Harum ex sapiente sequi nemo sit dolores ducimus.', 1, '2019-04-03 07:56:31', '2019-04-03 07:56:31'),
(81, 6, 0, 'Dolores vel repellat error consectetur error et.', 0, '2019-04-03 07:56:31', '2019-04-03 07:56:31'),
(82, 6, 0, 'Qui est in autem nemo magni.', 1, '2019-04-03 07:56:31', '2019-04-03 07:56:31'),
(83, 6, 0, 'Aut voluptas numquam odio debitis tempora aspernatur.', 1, '2019-04-03 07:56:31', '2019-04-03 07:56:31'),
(84, 6, 0, 'Est cupiditate voluptatem omnis enim quia.', 1, '2019-04-03 07:56:31', '2019-04-03 07:56:31'),
(85, 7, 0, 'Sint dolor nemo eos possimus eum ex.', 0, '2019-04-03 07:56:31', '2019-04-03 07:56:31'),
(86, 7, 0, 'Fuga ut quam numquam quaerat maiores eaque quia.', 1, '2019-04-03 07:56:31', '2019-04-03 07:56:31'),
(87, 7, 0, 'Suscipit quia reprehenderit sunt ut ut omnis.', 0, '2019-04-03 07:56:31', '2019-04-03 07:56:31'),
(88, 7, 0, 'Et nihil id et dolorem.', 1, '2019-04-03 07:56:31', '2019-04-03 07:56:31'),
(89, 7, 0, 'Sunt amet quos repellendus rerum.', 1, '2019-04-03 07:56:31', '2019-04-03 07:56:31'),
(90, 7, 0, 'Sit quas repellendus in quos molestias.', 1, '2019-04-03 07:56:31', '2019-04-03 07:56:31'),
(91, 7, 0, 'Unde natus iste sequi excepturi cum tempora sapiente.', 1, '2019-04-03 07:56:31', '2019-04-03 07:56:31'),
(92, 7, 0, 'Ut odio harum rerum totam explicabo eum quo.', 0, '2019-04-03 07:56:31', '2019-04-03 07:56:31'),
(93, 7, 0, 'Est nostrum aliquid corrupti repudiandae fuga quia.', 0, '2019-04-03 07:56:31', '2019-04-03 07:56:31'),
(94, 7, 0, 'Consequatur nihil laboriosam quia quod nulla maxime repudiandae et.', 0, '2019-04-03 07:56:31', '2019-04-03 07:56:31'),
(95, 7, 0, 'Ut libero dignissimos sed voluptate nam.', 0, '2019-04-03 07:56:31', '2019-04-03 07:56:31'),
(96, 7, 0, 'Quas ut iusto aspernatur sit ipsam.', 0, '2019-04-03 07:56:31', '2019-04-03 07:56:31'),
(97, 7, 0, 'Sint sit dolorem earum facere.', 0, '2019-04-03 07:56:31', '2019-04-03 07:56:31'),
(98, 7, 0, 'Ab aut sit quo voluptates qui ut.', 0, '2019-04-03 07:56:31', '2019-04-03 07:56:31'),
(99, 7, 0, 'Et dolores sed sit reiciendis.', 1, '2019-04-03 07:56:31', '2019-04-03 07:56:31'),
(100, 7, 0, 'Soluta et voluptas est praesentium harum ut.', 0, '2019-04-03 07:56:31', '2019-04-03 07:56:31'),
(101, 7, 0, 'Debitis impedit beatae voluptatem necessitatibus.', 0, '2019-04-03 07:56:31', '2019-04-03 07:56:31'),
(102, 7, 0, 'Ab sunt asperiores dolore ipsa sit id.', 1, '2019-04-03 07:56:31', '2019-04-03 07:56:31'),
(103, 7, 0, 'Eaque id iure corrupti in molestiae eligendi delectus aut.', 0, '2019-04-03 07:56:31', '2019-04-03 07:56:31'),
(104, 8, 0, 'Rerum repellat ipsa deleniti reiciendis ut iure dicta.', 1, '2019-04-03 07:56:31', '2019-04-03 07:56:31'),
(105, 8, 0, 'Totam sequi dicta autem officia laudantium nostrum quia.', 1, '2019-04-03 07:56:31', '2019-04-03 07:56:31'),
(106, 8, 0, 'Nihil blanditiis corrupti est eius sit ipsum.', 1, '2019-04-03 07:56:31', '2019-04-03 07:56:31'),
(107, 8, 0, 'Voluptate est sed fuga dolores.', 0, '2019-04-03 07:56:31', '2019-04-03 07:56:31'),
(108, 8, 0, 'Voluptate rerum id id ut.', 1, '2019-04-03 07:56:31', '2019-04-03 07:56:31'),
(109, 8, 0, 'Saepe qui ipsa corrupti laboriosam.', 0, '2019-04-03 07:56:31', '2019-04-03 07:56:31'),
(110, 8, 0, 'Eos et debitis sunt asperiores.', 0, '2019-04-03 07:56:31', '2019-04-03 07:56:31'),
(111, 8, 0, 'Qui similique rerum nihil amet dolorem omnis numquam.', 0, '2019-04-03 07:56:31', '2019-04-03 07:56:31'),
(112, 8, 0, 'Perspiciatis voluptate quia ratione aut eos et consequatur repellendus.', 1, '2019-04-03 07:56:31', '2019-04-03 07:56:31'),
(113, 8, 0, 'Aut dignissimos minus aspernatur debitis nobis.', 0, '2019-04-03 07:56:31', '2019-04-03 07:56:31'),
(114, 8, 0, 'Vel est dolor ab tenetur maiores distinctio.', 1, '2019-04-03 07:56:31', '2019-04-03 07:56:31'),
(115, 8, 0, 'Sint ipsum neque nemo vel maxime.', 1, '2019-04-03 07:56:31', '2019-04-03 07:56:31'),
(116, 8, 0, 'Et vitae dolorem blanditiis repudiandae eum deleniti ipsam.', 1, '2019-04-03 07:56:31', '2019-04-03 07:56:31'),
(117, 9, 0, 'Vero cumque nulla nihil quod saepe tempore voluptatum distinctio.', 1, '2019-04-03 07:56:31', '2019-04-03 07:56:31'),
(118, 9, 0, 'Expedita debitis ab ipsa.', 0, '2019-04-03 07:56:31', '2019-04-03 07:56:31'),
(119, 9, 0, 'Cum magni et ut voluptatum animi.', 1, '2019-04-03 07:56:31', '2019-04-03 07:56:31'),
(120, 9, 0, 'Voluptatem et vel voluptas iusto nostrum est.', 1, '2019-04-03 07:56:31', '2019-04-03 07:56:31'),
(121, 9, 0, 'Est aliquid error soluta ad ipsum.', 1, '2019-04-03 07:56:31', '2019-04-03 07:56:31'),
(122, 9, 0, 'Aliquid consequatur rem quia dolor vero.', 1, '2019-04-03 07:56:31', '2019-04-03 07:56:31'),
(123, 9, 0, 'Mollitia quaerat ab molestiae quibusdam.', 1, '2019-04-03 07:56:31', '2019-04-03 07:56:31'),
(124, 9, 0, 'Reprehenderit molestiae quia voluptatum minus.', 0, '2019-04-03 07:56:31', '2019-04-03 07:56:31'),
(125, 9, 0, 'Similique iure itaque sed illo dolorem ipsam maxime eaque.', 1, '2019-04-03 07:56:31', '2019-04-03 07:56:31'),
(126, 9, 0, 'Quaerat repudiandae quod doloremque eos aut.', 0, '2019-04-03 07:56:31', '2019-04-03 07:56:31'),
(127, 10, 0, 'Totam quidem ad odio ullam consectetur eveniet quisquam.', 1, '2019-04-03 07:56:31', '2019-04-03 07:56:31'),
(128, 10, 0, 'Consequatur aut est doloribus et nam.', 1, '2019-04-03 07:56:31', '2019-04-03 07:56:31'),
(129, 10, 0, 'At enim debitis inventore libero nisi distinctio.', 0, '2019-04-03 07:56:31', '2019-04-03 07:56:31'),
(130, 10, 0, 'Doloribus dolor rerum dignissimos ex pariatur at enim.', 0, '2019-04-03 07:56:31', '2019-04-03 07:56:31'),
(131, 10, 0, 'At quo ducimus sit voluptas enim veritatis est.', 1, '2019-04-03 07:56:31', '2019-04-03 07:56:31'),
(132, 10, 0, 'Eum autem placeat est nam ut.', 0, '2019-04-03 07:56:31', '2019-04-03 07:56:31'),
(133, 10, 0, 'Soluta voluptatem error corrupti ut fugiat non.', 0, '2019-04-03 07:56:31', '2019-04-03 07:56:31'),
(134, 10, 0, 'Sequi quas ut saepe ut.', 0, '2019-04-03 07:56:31', '2019-04-03 07:56:31'),
(135, 10, 0, 'Error voluptatem temporibus voluptates labore ducimus.', 0, '2019-04-03 07:56:31', '2019-04-03 07:56:31'),
(136, 10, 0, 'Autem delectus molestiae et ut veniam.', 1, '2019-04-03 07:56:31', '2019-04-03 07:56:31'),
(137, 10, 0, 'Rerum sunt numquam cumque voluptatem.', 1, '2019-04-03 07:56:31', '2019-04-03 07:56:31'),
(138, 10, 0, 'Commodi iusto est velit adipisci.', 1, '2019-04-03 07:56:31', '2019-04-03 07:56:31'),
(139, 10, 0, 'Distinctio iusto minus velit sunt.', 0, '2019-04-03 07:56:31', '2019-04-03 07:56:31'),
(140, 10, 0, 'Quis nesciunt sit modi sequi.', 1, '2019-04-03 07:56:31', '2019-04-03 07:56:31'),
(141, 10, 0, 'Quia dolores quia iusto vero et et.', 0, '2019-04-03 07:56:31', '2019-04-03 07:56:31'),
(142, 10, 0, 'Incidunt est facere voluptatibus ea consectetur omnis.', 1, '2019-04-03 07:56:31', '2019-04-03 07:56:31'),
(143, 10, 0, 'Saepe quia et voluptatem quibusdam eius ad.', 1, '2019-04-03 07:56:31', '2019-04-03 07:56:31'),
(144, 10, 0, 'Cupiditate sed qui ex tenetur voluptatem.', 0, '2019-04-03 07:56:31', '2019-04-03 07:56:31'),
(145, 10, 0, 'Quia ad eum aut vitae quia.', 0, '2019-04-03 07:56:31', '2019-04-03 07:56:31'),
(146, 11, 0, 'Occaecati quasi id similique rem nam delectus quis.', 0, '2019-04-03 07:56:31', '2019-04-03 07:56:31'),
(147, 11, 0, 'Reiciendis dolorem et tempora veritatis.', 1, '2019-04-03 07:56:31', '2019-04-03 07:56:31'),
(148, 11, 0, 'Corrupti iure quia nam minima quasi cupiditate.', 1, '2019-04-03 07:56:31', '2019-04-03 07:56:31'),
(149, 11, 0, 'Quo mollitia aspernatur ipsa rerum atque sequi occaecati.', 0, '2019-04-03 07:56:31', '2019-04-03 07:56:31'),
(150, 11, 0, 'Rem sed ab velit animi magni.', 0, '2019-04-03 07:56:31', '2019-04-03 07:56:31'),
(151, 11, 0, 'Et eum explicabo aut in provident ipsum.', 0, '2019-04-03 07:56:31', '2019-04-03 07:56:31'),
(152, 11, 0, 'Nobis non aliquam at ex.', 1, '2019-04-03 07:56:31', '2019-04-03 07:56:31'),
(153, 11, 0, 'Est non nihil voluptate eveniet et.', 1, '2019-04-03 07:56:31', '2019-04-03 07:56:31'),
(154, 11, 0, 'Voluptatem facilis repellendus rerum.', 0, '2019-04-03 07:56:31', '2019-04-03 07:56:31'),
(155, 11, 0, 'Voluptatem expedita aut dolor commodi ut.', 0, '2019-04-03 07:56:31', '2019-04-03 07:56:31'),
(156, 11, 0, 'Sint cumque eos nemo neque.', 0, '2019-04-03 07:56:31', '2019-04-03 07:56:31'),
(157, 11, 0, 'Rem sit minus qui perferendis incidunt quo cumque.', 1, '2019-04-03 07:56:31', '2019-04-03 07:56:31'),
(158, 11, 0, 'Est fugiat ut aliquid aut suscipit rem.', 1, '2019-04-03 07:56:31', '2019-04-03 07:56:31'),
(159, 12, 0, 'Minima itaque commodi qui sunt adipisci error.', 0, '2019-04-03 07:56:31', '2019-04-03 07:56:31'),
(160, 12, 0, 'Omnis provident quae dolor non.', 0, '2019-04-03 07:56:31', '2019-04-03 07:56:31'),
(161, 12, 0, 'Soluta provident sed eum ut.', 1, '2019-04-03 07:56:31', '2019-04-03 07:56:31'),
(162, 12, 0, 'Cumque cupiditate ipsam fuga et maxime.', 0, '2019-04-03 07:56:31', '2019-04-03 07:56:31'),
(163, 12, 0, 'Eligendi vel asperiores porro necessitatibus eius.', 0, '2019-04-03 07:56:31', '2019-04-03 07:56:31'),
(164, 12, 0, 'Exercitationem cumque ut ea.', 1, '2019-04-03 07:56:31', '2019-04-03 07:56:31'),
(165, 12, 0, 'Dicta nihil adipisci distinctio praesentium fugiat.', 1, '2019-04-03 07:56:31', '2019-04-03 07:56:31'),
(166, 12, 0, 'Unde nostrum dolorem consequuntur aliquam commodi quis.', 1, '2019-04-03 07:56:31', '2019-04-03 07:56:31'),
(167, 12, 0, 'Quas repellendus possimus magnam expedita repudiandae quo aut.', 1, '2019-04-03 07:56:31', '2019-04-03 07:56:31'),
(168, 12, 0, 'Quam officiis qui omnis repellendus culpa illo.', 0, '2019-04-03 07:56:31', '2019-04-03 07:56:31'),
(169, 12, 0, 'Nisi quo quos expedita consequatur.', 1, '2019-04-03 07:56:31', '2019-04-03 07:56:31'),
(170, 12, 0, 'Magnam perspiciatis totam quibusdam ipsa dolorem doloremque.', 0, '2019-04-03 07:56:31', '2019-04-03 07:56:31'),
(171, 12, 0, 'Modi eligendi quia tempore ut rem.', 0, '2019-04-03 07:56:31', '2019-04-03 07:56:31'),
(172, 12, 0, 'Provident ipsa voluptatem itaque molestias sapiente atque.', 1, '2019-04-03 07:56:31', '2019-04-03 07:56:31'),
(173, 12, 0, 'Est vel rerum omnis commodi.', 0, '2019-04-03 07:56:31', '2019-04-03 07:56:31'),
(174, 12, 0, 'Rerum reiciendis praesentium excepturi quasi fuga iste qui.', 0, '2019-04-03 07:56:31', '2019-04-03 07:56:31'),
(175, 13, 0, 'Reprehenderit et facere error consequatur eveniet labore adipisci.', 0, '2019-04-03 07:56:31', '2019-04-03 07:56:31'),
(176, 13, 0, 'Qui est autem et quia omnis.', 0, '2019-04-03 07:56:31', '2019-04-03 07:56:31'),
(177, 13, 0, 'Velit voluptates quasi perferendis quae.', 1, '2019-04-03 07:56:31', '2019-04-03 07:56:31'),
(178, 13, 0, 'Qui rerum ut libero provident neque in.', 0, '2019-04-03 07:56:31', '2019-04-03 07:56:31'),
(179, 13, 0, 'Et aut corrupti neque et perferendis quam.', 0, '2019-04-03 07:56:31', '2019-04-03 07:56:31'),
(180, 13, 0, 'Consequatur voluptate et qui ut ratione ad voluptas soluta.', 1, '2019-04-03 07:56:31', '2019-04-03 07:56:31'),
(181, 13, 0, 'Dignissimos modi animi exercitationem quidem.', 0, '2019-04-03 07:56:31', '2019-04-03 07:56:31'),
(182, 13, 0, 'Consequatur quidem consequuntur aut repellendus.', 0, '2019-04-03 07:56:31', '2019-04-03 07:56:31'),
(183, 13, 0, 'Officiis sit voluptatem sit dicta impedit ut dolor sunt.', 1, '2019-04-03 07:56:31', '2019-04-03 07:56:31'),
(184, 13, 0, 'Eos aspernatur rerum non asperiores iure.', 1, '2019-04-03 07:56:31', '2019-04-03 07:56:31'),
(185, 13, 0, 'Eveniet laborum ipsam alias libero.', 0, '2019-04-03 07:56:31', '2019-04-03 07:56:31'),
(186, 13, 0, 'Natus illum sit est possimus sed dolorum odit dolorem.', 0, '2019-04-03 07:56:31', '2019-04-03 07:56:31'),
(187, 13, 0, 'Quidem est eos ad aut sapiente omnis voluptatum.', 1, '2019-04-03 07:56:31', '2019-04-03 07:56:31'),
(188, 13, 0, 'Autem molestiae inventore qui voluptas nihil aut omnis qui.', 1, '2019-04-03 07:56:31', '2019-04-03 07:56:31'),
(189, 13, 0, 'Aspernatur rerum dolorem unde.', 0, '2019-04-03 07:56:31', '2019-04-03 07:56:31'),
(190, 13, 0, 'Laudantium veritatis et quia ducimus dolorum in neque officia.', 0, '2019-04-03 07:56:31', '2019-04-03 07:56:31'),
(191, 13, 0, 'Earum numquam molestias saepe possimus deserunt.', 1, '2019-04-03 07:56:31', '2019-04-03 07:56:31'),
(192, 13, 0, 'Doloribus a sunt consectetur occaecati.', 1, '2019-04-03 07:56:31', '2019-04-03 07:56:31'),
(193, 13, 0, 'Est veniam in quia.', 1, '2019-04-03 07:56:31', '2019-04-03 07:56:31'),
(194, 13, 0, 'Qui officia distinctio delectus dignissimos qui sed rerum.', 0, '2019-04-03 07:56:31', '2019-04-03 07:56:31'),
(195, 14, 0, 'Perferendis minima pariatur natus et aperiam cumque.', 0, '2019-04-03 07:56:31', '2019-04-03 07:56:31'),
(196, 14, 0, 'Nemo labore non corporis fuga quas necessitatibus.', 0, '2019-04-03 07:56:31', '2019-04-03 07:56:31'),
(197, 14, 0, 'Corrupti sit dolorem recusandae ut.', 1, '2019-04-03 07:56:31', '2019-04-03 07:56:31'),
(198, 14, 0, 'Quia qui nobis cupiditate sunt.', 1, '2019-04-03 07:56:31', '2019-04-03 07:56:31'),
(199, 14, 0, 'Dignissimos pariatur suscipit id illo eius nobis earum.', 0, '2019-04-03 07:56:31', '2019-04-03 07:56:31'),
(200, 14, 0, 'Temporibus consequatur eligendi eos blanditiis.', 0, '2019-04-03 07:56:31', '2019-04-03 07:56:31'),
(201, 14, 0, 'Dolore repellat ipsum impedit modi est minus libero.', 0, '2019-04-03 07:56:31', '2019-04-03 07:56:31'),
(202, 14, 0, 'Officiis ut quidem enim.', 0, '2019-04-03 07:56:31', '2019-04-03 07:56:31'),
(203, 14, 0, 'Laborum rerum et numquam quo.', 1, '2019-04-03 07:56:31', '2019-04-03 07:56:31'),
(204, 14, 0, 'Rem eum aspernatur voluptatem quidem perferendis dolore.', 0, '2019-04-03 07:56:31', '2019-04-03 07:56:31'),
(205, 14, 0, 'Quo qui quidem atque eum perspiciatis.', 1, '2019-04-03 07:56:31', '2019-04-03 07:56:31'),
(206, 14, 0, 'Eum repellat asperiores quaerat impedit molestias quo.', 0, '2019-04-03 07:56:31', '2019-04-03 07:56:31'),
(207, 15, 0, 'Dolorum voluptatibus natus rerum recusandae quasi voluptatum cum quia.', 0, '2019-04-03 07:56:31', '2019-04-03 07:56:31'),
(208, 15, 0, 'Doloremque labore mollitia quis possimus saepe qui voluptates.', 1, '2019-04-03 07:56:31', '2019-04-03 07:56:31'),
(209, 15, 0, 'Omnis animi architecto non.', 1, '2019-04-03 07:56:31', '2019-04-03 07:56:31'),
(210, 15, 0, 'Sapiente ut illo quo qui illo dolorum.', 0, '2019-04-03 07:56:31', '2019-04-03 07:56:31'),
(211, 15, 0, 'Qui adipisci quod molestiae eos.', 1, '2019-04-03 07:56:31', '2019-04-03 07:56:31'),
(212, 15, 0, 'Autem id eaque fugit nesciunt voluptas labore harum tempora.', 1, '2019-04-03 07:56:31', '2019-04-03 07:56:31'),
(213, 15, 0, 'Explicabo molestiae porro qui aliquid rerum ut saepe.', 1, '2019-04-03 07:56:31', '2019-04-03 07:56:31'),
(214, 15, 0, 'Qui voluptatem aut a eos provident est.', 0, '2019-04-03 07:56:31', '2019-04-03 07:56:31'),
(215, 15, 0, 'Voluptas recusandae incidunt amet vel velit rerum beatae.', 1, '2019-04-03 07:56:31', '2019-04-03 07:56:31'),
(216, 15, 0, 'Id quia ut amet magni aut.', 1, '2019-04-03 07:56:31', '2019-04-03 07:56:31'),
(217, 15, 0, 'Velit repellendus cum non perspiciatis.', 1, '2019-04-03 07:56:31', '2019-04-03 07:56:31'),
(218, 16, 0, 'Nobis velit consequatur dolorem et commodi.', 1, '2019-04-03 07:56:31', '2019-04-03 07:56:31'),
(219, 16, 0, 'Velit debitis et eos et.', 1, '2019-04-03 07:56:31', '2019-04-03 07:56:31'),
(220, 16, 0, 'Et sit voluptatem dolores assumenda nisi neque ab.', 0, '2019-04-03 07:56:31', '2019-04-03 07:56:31'),
(221, 16, 0, 'Quia culpa iusto autem ducimus voluptatum est et consequatur.', 1, '2019-04-03 07:56:31', '2019-04-03 07:56:31'),
(222, 16, 0, 'Ut qui nostrum qui ducimus architecto.', 0, '2019-04-03 07:56:31', '2019-04-03 07:56:31'),
(223, 16, 0, 'Voluptatibus sequi nulla voluptatem error.', 0, '2019-04-03 07:56:31', '2019-04-03 07:56:31'),
(224, 16, 0, 'Qui atque sint dolore et.', 0, '2019-04-03 07:56:31', '2019-04-03 07:56:31'),
(225, 16, 0, 'Voluptate qui et officiis dicta eum iusto cum.', 0, '2019-04-03 07:56:31', '2019-04-03 07:56:31'),
(226, 16, 0, 'In rem minus exercitationem dolorem rem vel beatae consequatur.', 1, '2019-04-03 07:56:31', '2019-04-03 07:56:31'),
(227, 16, 0, 'Aliquid et dolor quos dolores ut porro omnis.', 0, '2019-04-03 07:56:31', '2019-04-03 07:56:31'),
(228, 17, 0, 'Dolorem sit asperiores iste magnam assumenda porro.', 1, '2019-04-03 07:56:31', '2019-04-03 07:56:31'),
(229, 17, 0, 'Non rerum quod omnis.', 0, '2019-04-03 07:56:31', '2019-04-03 07:56:31'),
(230, 17, 0, 'Quae recusandae minima sit illo magni optio officiis.', 0, '2019-04-03 07:56:31', '2019-04-03 07:56:31'),
(231, 17, 0, 'Ut ab numquam qui dolorem fugiat rerum consequatur.', 1, '2019-04-03 07:56:31', '2019-04-03 07:56:31'),
(232, 17, 0, 'At deleniti corrupti reprehenderit asperiores culpa sed incidunt.', 1, '2019-04-03 07:56:31', '2019-04-03 07:56:31'),
(233, 17, 0, 'Autem a nam esse porro atque.', 1, '2019-04-03 07:56:31', '2019-04-03 07:56:31'),
(234, 17, 0, 'Et temporibus atque ipsam.', 1, '2019-04-03 07:56:31', '2019-04-03 07:56:31'),
(235, 17, 0, 'Eaque ab enim inventore dolorem odio dolorem ex.', 1, '2019-04-03 07:56:31', '2019-04-03 07:56:31'),
(236, 17, 0, 'Ex ullam eos quae dolor qui.', 1, '2019-04-03 07:56:31', '2019-04-03 07:56:31'),
(237, 17, 0, 'Cupiditate quisquam cupiditate ducimus sunt totam.', 1, '2019-04-03 07:56:31', '2019-04-03 07:56:31'),
(238, 18, 0, 'Sint quia velit recusandae blanditiis eum quis est.', 0, '2019-04-03 07:56:31', '2019-04-03 07:56:31'),
(239, 18, 0, 'Voluptatem distinctio sit molestiae in asperiores.', 1, '2019-04-03 07:56:31', '2019-04-03 07:56:31'),
(240, 18, 0, 'Culpa et ea quas minima.', 0, '2019-04-03 07:56:31', '2019-04-03 07:56:31'),
(241, 18, 0, 'Dolorem autem fugiat velit autem in beatae illum.', 0, '2019-04-03 07:56:31', '2019-04-03 07:56:31'),
(242, 18, 0, 'Exercitationem exercitationem sed sequi voluptas necessitatibus doloribus.', 0, '2019-04-03 07:56:31', '2019-04-03 07:56:31'),
(243, 18, 0, 'Rerum eveniet sint velit debitis.', 0, '2019-04-03 07:56:31', '2019-04-03 07:56:31'),
(244, 18, 0, 'At nulla praesentium maxime.', 0, '2019-04-03 07:56:31', '2019-04-03 07:56:31'),
(245, 18, 0, 'Omnis quas modi saepe neque voluptas et non.', 0, '2019-04-03 07:56:31', '2019-04-03 07:56:31'),
(246, 18, 0, 'Soluta qui error voluptatem perspiciatis ducimus nihil.', 0, '2019-04-03 07:56:31', '2019-04-03 07:56:31'),
(247, 18, 0, 'Provident dolore voluptatem et in culpa.', 1, '2019-04-03 07:56:31', '2019-04-03 07:56:31'),
(248, 18, 0, 'Eius eum ut esse facere.', 0, '2019-04-03 07:56:31', '2019-04-03 07:56:31'),
(249, 18, 0, 'Aut et sit pariatur eos.', 1, '2019-04-03 07:56:31', '2019-04-03 07:56:31'),
(250, 19, 0, 'Voluptatem veritatis occaecati est.', 1, '2019-04-03 07:56:31', '2019-04-03 07:56:31'),
(251, 19, 0, 'Praesentium ut porro doloribus ipsam ut eaque asperiores.', 1, '2019-04-03 07:56:31', '2019-04-03 07:56:31'),
(252, 19, 0, 'Dolores dolor debitis ea et voluptatibus sequi dolores aperiam.', 0, '2019-04-03 07:56:31', '2019-04-03 07:56:31'),
(253, 19, 0, 'Tempora quaerat animi et sit tempore.', 0, '2019-04-03 07:56:31', '2019-04-03 07:56:31'),
(254, 19, 0, 'Beatae hic sed et qui id fugit.', 1, '2019-04-03 07:56:31', '2019-04-03 07:56:31'),
(255, 19, 0, 'Error veniam cumque dolore minima quis ea neque nemo.', 1, '2019-04-03 07:56:31', '2019-04-03 07:56:31'),
(256, 19, 0, 'Accusantium minus ea voluptas quibusdam.', 0, '2019-04-03 07:56:31', '2019-04-03 07:56:31'),
(257, 19, 0, 'Placeat dolor numquam odio occaecati velit.', 0, '2019-04-03 07:56:31', '2019-04-03 07:56:31'),
(258, 19, 0, 'Numquam voluptatem omnis non.', 1, '2019-04-03 07:56:31', '2019-04-03 07:56:31'),
(259, 19, 0, 'Sed maiores est voluptate amet.', 0, '2019-04-03 07:56:31', '2019-04-03 07:56:31'),
(260, 19, 0, 'Voluptate non voluptas mollitia quos.', 0, '2019-04-03 07:56:31', '2019-04-03 07:56:31'),
(261, 19, 0, 'Ducimus a placeat et ea culpa aut.', 0, '2019-04-03 07:56:31', '2019-04-03 07:56:31'),
(262, 19, 0, 'Eius enim occaecati suscipit quisquam error hic placeat quia.', 0, '2019-04-03 07:56:31', '2019-04-03 07:56:31'),
(263, 19, 0, 'Dolores explicabo earum voluptates omnis adipisci.', 0, '2019-04-03 07:56:31', '2019-04-03 07:56:31'),
(264, 19, 0, 'Et nihil explicabo dolores et autem.', 1, '2019-04-03 07:56:31', '2019-04-03 07:56:31'),
(265, 19, 0, 'Mollitia voluptatem aut iste laboriosam.', 1, '2019-04-03 07:56:31', '2019-04-03 07:56:31'),
(266, 19, 0, 'Explicabo necessitatibus ad aut.', 0, '2019-04-03 07:56:31', '2019-04-03 07:56:31'),
(267, 19, 0, 'Quod fuga dolor iusto quidem iusto consequuntur sint.', 1, '2019-04-03 07:56:31', '2019-04-03 07:56:31'),
(268, 19, 0, 'Est voluptas delectus velit autem.', 0, '2019-04-03 07:56:31', '2019-04-03 07:56:31'),
(269, 19, 0, 'Ipsum maiores similique vero nostrum.', 1, '2019-04-03 07:56:31', '2019-04-03 07:56:31'),
(270, 20, 0, 'Veritatis rerum omnis odio cupiditate.', 0, '2019-04-03 07:56:31', '2019-04-03 07:56:31'),
(271, 20, 0, 'Animi voluptatum esse architecto quaerat in et.', 0, '2019-04-03 07:56:31', '2019-04-03 07:56:31'),
(272, 20, 0, 'Qui impedit ratione quibusdam ab aspernatur cumque.', 0, '2019-04-03 07:56:31', '2019-04-03 07:56:31'),
(273, 20, 0, 'Harum quis et aut voluptatem non nulla molestiae.', 0, '2019-04-03 07:56:31', '2019-04-03 07:56:31'),
(274, 20, 0, 'Delectus aperiam ad consequatur provident eius.', 1, '2019-04-03 07:56:31', '2019-04-03 07:56:31'),
(275, 20, 0, 'Dolore consectetur suscipit cupiditate assumenda.', 1, '2019-04-03 07:56:31', '2019-04-03 07:56:31'),
(276, 20, 0, 'Animi ut et in quasi soluta.', 0, '2019-04-03 07:56:31', '2019-04-03 07:56:31'),
(277, 20, 0, 'Necessitatibus odit sint amet excepturi laborum eum et.', 1, '2019-04-03 07:56:31', '2019-04-03 07:56:31'),
(278, 20, 0, 'Est natus blanditiis et porro molestiae totam fuga.', 0, '2019-04-03 07:56:31', '2019-04-03 07:56:31'),
(279, 20, 0, 'Non doloribus quia saepe aut.', 1, '2019-04-03 07:56:31', '2019-04-03 07:56:31'),
(280, 20, 0, 'Omnis praesentium fuga dolores magnam.', 1, '2019-04-03 07:56:31', '2019-04-03 07:56:31'),
(281, 20, 0, 'Cumque similique aspernatur cum reprehenderit in.', 0, '2019-04-03 07:56:31', '2019-04-03 07:56:31'),
(282, 21, 0, 'Voluptate autem ut eos ab quis atque nisi aspernatur.', 0, '2019-04-03 07:56:31', '2019-04-03 07:56:31'),
(283, 21, 0, 'Minus atque earum laudantium accusantium et quam.', 1, '2019-04-03 07:56:31', '2019-04-03 07:56:31'),
(284, 21, 0, 'Ut dolores ipsa in assumenda.', 0, '2019-04-03 07:56:31', '2019-04-03 07:56:31'),
(285, 21, 0, 'Tempore distinctio voluptas eos eos.', 0, '2019-04-03 07:56:31', '2019-04-03 07:56:31'),
(286, 21, 0, 'Cum iure cumque assumenda magni.', 0, '2019-04-03 07:56:31', '2019-04-03 07:56:31'),
(287, 21, 0, 'Natus asperiores explicabo rerum officiis tempore possimus.', 1, '2019-04-03 07:56:31', '2019-04-03 07:56:31'),
(288, 21, 0, 'Quidem ratione quas quia aut distinctio doloribus veniam.', 1, '2019-04-03 07:56:31', '2019-04-03 07:56:31'),
(289, 21, 0, 'Delectus ullam aperiam assumenda dolorum vel laudantium.', 0, '2019-04-03 07:56:31', '2019-04-03 07:56:31'),
(290, 21, 0, 'Cum quibusdam provident earum non cupiditate voluptates sed.', 1, '2019-04-03 07:56:31', '2019-04-03 07:56:31'),
(291, 21, 0, 'Deleniti dolores et illo qui sed.', 0, '2019-04-03 07:56:31', '2019-04-03 07:56:31'),
(292, 21, 0, 'Temporibus illum voluptatibus harum culpa occaecati ut aut et.', 0, '2019-04-03 07:56:31', '2019-04-03 07:56:31'),
(293, 21, 0, 'Error ipsa harum temporibus illo enim repellat ipsum.', 0, '2019-04-03 07:56:31', '2019-04-03 07:56:31'),
(294, 21, 0, 'Rerum perferendis rerum ea quia illum quis.', 0, '2019-04-03 07:56:31', '2019-04-03 07:56:31'),
(295, 21, 0, 'Eligendi optio et dignissimos error perspiciatis deserunt.', 0, '2019-04-03 07:56:31', '2019-04-03 07:56:31'),
(296, 21, 0, 'Sed doloremque sint et expedita consequatur similique.', 1, '2019-04-03 07:56:31', '2019-04-03 07:56:31'),
(297, 21, 0, 'Consectetur quidem et et ea optio nostrum praesentium.', 1, '2019-04-03 07:56:31', '2019-04-03 07:56:31'),
(298, 22, 0, 'Quia repellendus voluptas ea mollitia et.', 1, '2019-04-03 07:56:31', '2019-04-03 07:56:31'),
(299, 22, 0, 'Ratione cumque ut perferendis sed.', 1, '2019-04-03 07:56:31', '2019-04-03 07:56:31'),
(300, 22, 0, 'Dolores commodi quia iste accusamus rerum odit.', 0, '2019-04-03 07:56:31', '2019-04-03 07:56:31'),
(301, 22, 0, 'Sapiente libero ea sit dignissimos.', 1, '2019-04-03 07:56:31', '2019-04-03 07:56:31'),
(302, 22, 0, 'Perspiciatis numquam sed aperiam consectetur delectus.', 1, '2019-04-03 07:56:31', '2019-04-03 07:56:31'),
(303, 22, 0, 'Sequi dolor asperiores ipsum et.', 1, '2019-04-03 07:56:31', '2019-04-03 07:56:31'),
(304, 22, 0, 'Hic qui velit fugiat sit totam nisi.', 0, '2019-04-03 07:56:31', '2019-04-03 07:56:31'),
(305, 22, 0, 'Velit ipsum possimus dolor culpa consequatur tenetur.', 1, '2019-04-03 07:56:31', '2019-04-03 07:56:31'),
(306, 22, 0, 'Praesentium sit magnam neque facere nemo accusantium porro.', 0, '2019-04-03 07:56:31', '2019-04-03 07:56:31'),
(307, 22, 0, 'Quia unde aliquid illo.', 1, '2019-04-03 07:56:31', '2019-04-03 07:56:31'),
(308, 22, 0, 'Ut nostrum laborum assumenda dolorum accusantium sit.', 1, '2019-04-03 07:56:31', '2019-04-03 07:56:31'),
(309, 22, 0, 'Iure culpa est nihil repudiandae.', 1, '2019-04-03 07:56:31', '2019-04-03 07:56:31'),
(310, 23, 0, 'Illo qui eligendi tenetur quia exercitationem et.', 1, '2019-04-03 07:56:31', '2019-04-03 07:56:31'),
(311, 23, 0, 'Omnis voluptatem porro sit dicta ullam.', 1, '2019-04-03 07:56:31', '2019-04-03 07:56:31'),
(312, 23, 0, 'Aut odio cum aut qui vel omnis dignissimos.', 1, '2019-04-03 07:56:31', '2019-04-03 07:56:31'),
(313, 23, 0, 'Veniam culpa consectetur soluta voluptatum et.', 1, '2019-04-03 07:56:31', '2019-04-03 07:56:31'),
(314, 23, 0, 'Perferendis beatae nemo laudantium officia minus soluta maiores.', 0, '2019-04-03 07:56:31', '2019-04-03 07:56:31'),
(315, 23, 0, 'Qui officiis illum sit nihil quia odit magnam aut.', 0, '2019-04-03 07:56:31', '2019-04-03 07:56:31'),
(316, 23, 0, 'Expedita ut et laudantium porro perspiciatis excepturi.', 1, '2019-04-03 07:56:31', '2019-04-03 07:56:31'),
(317, 23, 0, 'Similique dolores quis vel consequatur iusto numquam.', 1, '2019-04-03 07:56:31', '2019-04-03 07:56:31'),
(318, 23, 0, 'Minima ut et atque possimus minima repellendus quo.', 1, '2019-04-03 07:56:31', '2019-04-03 07:56:31'),
(319, 23, 0, 'Distinctio accusamus sit at neque porro sit.', 1, '2019-04-03 07:56:31', '2019-04-03 07:56:31'),
(320, 23, 0, 'Debitis officiis fugiat tempore dignissimos dolorem rerum accusantium qui.', 0, '2019-04-03 07:56:31', '2019-04-03 07:56:31'),
(321, 23, 0, 'Et placeat voluptas repellat saepe rerum saepe exercitationem.', 1, '2019-04-03 07:56:31', '2019-04-03 07:56:31'),
(322, 24, 0, 'Quibusdam nulla in praesentium quia at tempora nulla.', 1, '2019-04-03 07:56:31', '2019-04-03 07:56:31'),
(323, 24, 0, 'Qui amet voluptatum cumque iste.', 0, '2019-04-03 07:56:31', '2019-04-03 07:56:31'),
(324, 24, 0, 'Expedita quia sed et officia.', 0, '2019-04-03 07:56:31', '2019-04-03 07:56:31'),
(325, 24, 0, 'Expedita voluptas temporibus id ad.', 0, '2019-04-03 07:56:31', '2019-04-03 07:56:31'),
(326, 24, 0, 'Omnis voluptatem iusto aut dolorem ducimus ipsa excepturi sit.', 1, '2019-04-03 07:56:31', '2019-04-03 07:56:31'),
(327, 24, 0, 'Hic qui exercitationem deleniti similique aut.', 1, '2019-04-03 07:56:31', '2019-04-03 07:56:31'),
(328, 24, 0, 'Debitis dignissimos quo porro est.', 1, '2019-04-03 07:56:31', '2019-04-03 07:56:31'),
(329, 24, 0, 'Laboriosam sint neque facere sit voluptate.', 0, '2019-04-03 07:56:31', '2019-04-03 07:56:31'),
(330, 24, 0, 'Earum quod omnis at.', 0, '2019-04-03 07:56:31', '2019-04-03 07:56:31'),
(331, 24, 0, 'Ut nobis aut amet.', 0, '2019-04-03 07:56:31', '2019-04-03 07:56:31'),
(332, 24, 0, 'Dignissimos animi magni aliquam non in.', 1, '2019-04-03 07:56:31', '2019-04-03 07:56:31'),
(333, 24, 0, 'Non id ea aut nostrum veniam quasi rerum dignissimos.', 1, '2019-04-03 07:56:31', '2019-04-03 07:56:31'),
(334, 24, 0, 'Quo dolor architecto atque commodi suscipit.', 1, '2019-04-03 07:56:31', '2019-04-03 07:56:31'),
(335, 24, 0, 'Suscipit sint aut aut recusandae blanditiis ducimus.', 1, '2019-04-03 07:56:31', '2019-04-03 07:56:31'),
(336, 24, 0, 'Soluta quasi pariatur et reprehenderit dolor.', 1, '2019-04-03 07:56:31', '2019-04-03 07:56:31'),
(337, 25, 0, 'Corrupti sit iusto molestias maxime praesentium in tenetur.', 0, '2019-04-03 07:56:31', '2019-04-03 07:56:31'),
(338, 25, 0, 'Quis dolor totam voluptates.', 0, '2019-04-03 07:56:31', '2019-04-03 07:56:31'),
(339, 25, 0, 'Suscipit minus maxime ex voluptatem sed.', 1, '2019-04-03 07:56:31', '2019-04-03 07:56:31'),
(340, 25, 0, 'Et voluptas voluptatibus autem.', 1, '2019-04-03 07:56:31', '2019-04-03 07:56:31'),
(341, 25, 0, 'Dolores molestias enim tempora sit omnis dolorem quaerat.', 0, '2019-04-03 07:56:31', '2019-04-03 07:56:31'),
(342, 25, 0, 'Tempora dolores perspiciatis a quos omnis rerum fugiat.', 1, '2019-04-03 07:56:31', '2019-04-03 07:56:31'),
(343, 25, 0, 'Non voluptatem suscipit quia sit unde.', 1, '2019-04-03 07:56:31', '2019-04-03 07:56:31'),
(344, 25, 0, 'Ipsa ratione magnam ex ipsum earum officia.', 1, '2019-04-03 07:56:31', '2019-04-03 07:56:31'),
(345, 25, 0, 'Sed iste sit quia.', 1, '2019-04-03 07:56:31', '2019-04-03 07:56:31'),
(346, 25, 0, 'Reiciendis eos ipsa ex velit porro error quas distinctio.', 0, '2019-04-03 07:56:31', '2019-04-03 07:56:31'),
(347, 25, 0, 'Modi saepe quia quia saepe.', 1, '2019-04-03 07:56:31', '2019-04-03 07:56:31'),
(348, 25, 0, 'Autem voluptas rerum autem facilis est rem ipsa.', 1, '2019-04-03 07:56:31', '2019-04-03 07:56:31'),
(349, 25, 0, 'Eligendi repellat quaerat ex dicta dolore.', 0, '2019-04-03 07:56:31', '2019-04-03 07:56:31'),
(350, 25, 0, 'Perspiciatis aut ipsum molestiae voluptates assumenda cum laboriosam.', 1, '2019-04-03 07:56:31', '2019-04-03 07:56:31'),
(351, 25, 0, 'Sapiente totam perspiciatis quos modi in officiis.', 1, '2019-04-03 07:56:31', '2019-04-03 07:56:31'),
(352, 25, 0, 'Voluptates maiores libero omnis sapiente esse fuga.', 1, '2019-04-03 07:56:31', '2019-04-03 07:56:31'),
(353, 25, 0, 'Qui doloremque voluptas reiciendis eos eum voluptas at.', 0, '2019-04-03 07:56:31', '2019-04-03 07:56:31'),
(354, 25, 0, 'Id eveniet nobis quaerat vel ut fugiat occaecati.', 0, '2019-04-03 07:56:31', '2019-04-03 07:56:31'),
(355, 25, 0, 'Est explicabo sint facere rerum nulla.', 0, '2019-04-03 07:56:31', '2019-04-03 07:56:31'),
(356, 26, 0, 'Voluptas aspernatur qui molestiae et reiciendis.', 0, '2019-04-03 07:56:31', '2019-04-03 07:56:31'),
(357, 26, 0, 'Aut ex rerum aut.', 1, '2019-04-03 07:56:31', '2019-04-03 07:56:31'),
(358, 26, 0, 'Quasi aut corporis eum exercitationem totam aut sint.', 1, '2019-04-03 07:56:31', '2019-04-03 07:56:31'),
(359, 26, 0, 'Sequi omnis numquam sit omnis perferendis ut commodi.', 1, '2019-04-03 07:56:31', '2019-04-03 07:56:31'),
(360, 26, 0, 'Autem atque eius sunt ut aut.', 0, '2019-04-03 07:56:31', '2019-04-03 07:56:31'),
(361, 26, 0, 'Nam blanditiis tenetur ea molestiae eum consequatur aliquam.', 1, '2019-04-03 07:56:31', '2019-04-03 07:56:31'),
(362, 26, 0, 'Doloribus nesciunt nesciunt eos doloremque tenetur.', 1, '2019-04-03 07:56:31', '2019-04-03 07:56:31'),
(363, 26, 0, 'Qui iure deserunt distinctio omnis et amet.', 0, '2019-04-03 07:56:31', '2019-04-03 07:56:31'),
(364, 26, 0, 'Distinctio officia voluptas voluptas aut magni labore.', 1, '2019-04-03 07:56:31', '2019-04-03 07:56:31'),
(365, 26, 0, 'Omnis et perferendis quas illo.', 0, '2019-04-03 07:56:31', '2019-04-03 07:56:31'),
(366, 27, 0, 'Accusamus fugiat delectus aliquam eligendi.', 0, '2019-04-03 07:56:32', '2019-04-03 07:56:32'),
(367, 27, 0, 'Voluptate consectetur labore nam consectetur.', 0, '2019-04-03 07:56:32', '2019-04-03 07:56:32'),
(368, 27, 0, 'Et tempora id distinctio tempora nulla eum reiciendis.', 0, '2019-04-03 07:56:32', '2019-04-03 07:56:32'),
(369, 27, 0, 'Ea soluta id vitae provident harum provident repellendus.', 1, '2019-04-03 07:56:32', '2019-04-03 07:56:32'),
(370, 27, 0, 'Culpa delectus quo deleniti veritatis.', 1, '2019-04-03 07:56:32', '2019-04-03 07:56:32'),
(371, 27, 0, 'Totam adipisci ipsa consequatur pariatur.', 0, '2019-04-03 07:56:32', '2019-04-03 07:56:32'),
(372, 27, 0, 'Sapiente nesciunt assumenda expedita autem voluptatem voluptatem asperiores rerum.', 1, '2019-04-03 07:56:32', '2019-04-03 07:56:32'),
(373, 27, 0, 'Esse rem illo placeat.', 1, '2019-04-03 07:56:32', '2019-04-03 07:56:32'),
(374, 27, 0, 'Eaque error eius rerum mollitia.', 0, '2019-04-03 07:56:32', '2019-04-03 07:56:32'),
(375, 27, 0, 'Voluptas non asperiores sapiente quibusdam.', 1, '2019-04-03 07:56:32', '2019-04-03 07:56:32'),
(376, 27, 0, 'Repellat quo provident eum.', 0, '2019-04-03 07:56:32', '2019-04-03 07:56:32'),
(377, 27, 0, 'Vitae minus eos ullam maxime voluptatem.', 1, '2019-04-03 07:56:32', '2019-04-03 07:56:32'),
(378, 27, 0, 'Dignissimos sit et omnis et ea in.', 1, '2019-04-03 07:56:32', '2019-04-03 07:56:32'),
(379, 27, 0, 'Veritatis molestias necessitatibus natus quam et.', 1, '2019-04-03 07:56:32', '2019-04-03 07:56:32'),
(380, 27, 0, 'Aliquam ullam rerum maxime veritatis.', 1, '2019-04-03 07:56:32', '2019-04-03 07:56:32'),
(381, 27, 0, 'Nihil nam quia ipsa ut ipsa earum.', 0, '2019-04-03 07:56:32', '2019-04-03 07:56:32'),
(382, 28, 0, 'Et porro perferendis tempore voluptas aut praesentium consequatur.', 1, '2019-04-03 07:56:32', '2019-04-03 07:56:32'),
(383, 28, 0, 'Nihil architecto ex qui iure eum autem veritatis.', 1, '2019-04-03 07:56:32', '2019-04-03 07:56:32'),
(384, 28, 0, 'Dicta et labore ut non corrupti.', 0, '2019-04-03 07:56:32', '2019-04-03 07:56:32'),
(385, 28, 0, 'Minima id incidunt minima qui.', 1, '2019-04-03 07:56:32', '2019-04-03 07:56:32'),
(386, 28, 0, 'Voluptatem porro magni quis.', 0, '2019-04-03 07:56:32', '2019-04-03 07:56:32'),
(387, 28, 0, 'Itaque sunt aliquam est tempora aspernatur recusandae.', 0, '2019-04-03 07:56:32', '2019-04-03 07:56:32'),
(388, 28, 0, 'Quis voluptate sed maxime doloremque voluptates maiores.', 0, '2019-04-03 07:56:32', '2019-04-03 07:56:32'),
(389, 28, 0, 'Iure vel et vel harum voluptas et sit et.', 0, '2019-04-03 07:56:32', '2019-04-03 07:56:32'),
(390, 28, 0, 'Rem labore exercitationem quia qui delectus est earum et.', 0, '2019-04-03 07:56:32', '2019-04-03 07:56:32'),
(391, 28, 0, 'Sunt unde modi nemo qui est sint ipsa.', 0, '2019-04-03 07:56:32', '2019-04-03 07:56:32'),
(392, 28, 0, 'Quis harum dolorum exercitationem voluptates nemo ut.', 1, '2019-04-03 07:56:32', '2019-04-03 07:56:32'),
(393, 28, 0, 'Minima quia sapiente expedita voluptas qui est eligendi.', 0, '2019-04-03 07:56:32', '2019-04-03 07:56:32'),
(394, 28, 0, 'Accusamus sapiente sint odit fugiat ut minus maxime.', 0, '2019-04-03 07:56:32', '2019-04-03 07:56:32'),
(395, 28, 0, 'Dolores cumque dolor eum quisquam et.', 1, '2019-04-03 07:56:32', '2019-04-03 07:56:32'),
(396, 28, 0, 'Dolor error minima aut asperiores consequatur qui non nemo.', 0, '2019-04-03 07:56:32', '2019-04-03 07:56:32'),
(397, 28, 0, 'Autem autem fugit placeat eum quia.', 0, '2019-04-03 07:56:32', '2019-04-03 07:56:32'),
(398, 28, 0, 'Qui ducimus in sapiente beatae nobis eos.', 1, '2019-04-03 07:56:32', '2019-04-03 07:56:32'),
(399, 28, 0, 'Quam aut qui quod facere.', 0, '2019-04-03 07:56:32', '2019-04-03 07:56:32'),
(400, 28, 0, 'Expedita autem itaque dicta.', 0, '2019-04-03 07:56:32', '2019-04-03 07:56:32'),
(401, 29, 0, 'Vel facilis quo ut aliquam autem.', 1, '2019-04-03 07:56:32', '2019-04-03 07:56:32'),
(402, 29, 0, 'Dolorem fugiat qui quis fugit ut perferendis.', 1, '2019-04-03 07:56:32', '2019-04-03 07:56:32'),
(403, 29, 0, 'Et qui dolorem similique.', 1, '2019-04-03 07:56:32', '2019-04-03 07:56:32'),
(404, 29, 0, 'Enim consequatur inventore consequatur architecto enim.', 1, '2019-04-03 07:56:32', '2019-04-03 07:56:32'),
(405, 29, 0, 'Debitis ex veritatis veritatis harum ut quis eaque.', 0, '2019-04-03 07:56:32', '2019-04-03 07:56:32'),
(406, 29, 0, 'Earum excepturi voluptatem nam quasi nobis.', 0, '2019-04-03 07:56:32', '2019-04-03 07:56:32'),
(407, 29, 0, 'Nemo molestiae qui asperiores optio veniam provident ducimus.', 0, '2019-04-03 07:56:32', '2019-04-03 07:56:32'),
(408, 29, 0, 'Sed ipsam eligendi quasi cupiditate ut qui in alias.', 1, '2019-04-03 07:56:32', '2019-04-03 07:56:32'),
(409, 29, 0, 'Sed natus dolores est.', 1, '2019-04-03 07:56:32', '2019-04-03 07:56:32'),
(410, 29, 0, 'Non eum harum quia unde.', 0, '2019-04-03 07:56:32', '2019-04-03 07:56:32'),
(411, 29, 0, 'Sit quasi doloribus vitae corporis dolorum consequuntur.', 0, '2019-04-03 07:56:32', '2019-04-03 07:56:32'),
(412, 29, 0, 'Aliquam aspernatur placeat culpa tenetur praesentium quo enim.', 1, '2019-04-03 07:56:32', '2019-04-03 07:56:32'),
(413, 29, 0, 'Voluptate est dicta voluptas voluptates.', 0, '2019-04-03 07:56:32', '2019-04-03 07:56:32'),
(414, 29, 0, 'Sint aperiam ab odit totam.', 1, '2019-04-03 07:56:32', '2019-04-03 07:56:32'),
(415, 29, 0, 'Occaecati natus repudiandae et quasi dolore.', 1, '2019-04-03 07:56:32', '2019-04-03 07:56:32'),
(416, 29, 0, 'Voluptatem vel amet id reprehenderit dolor earum temporibus.', 0, '2019-04-03 07:56:32', '2019-04-03 07:56:32'),
(417, 30, 0, 'Id rerum enim occaecati maiores.', 0, '2019-04-03 07:56:32', '2019-04-03 07:56:32'),
(418, 30, 0, 'Provident rem dignissimos quia in culpa minima dolorum quo.', 0, '2019-04-03 07:56:32', '2019-04-03 07:56:32'),
(419, 30, 0, 'Molestias adipisci repudiandae quia earum odio aut quia.', 1, '2019-04-03 07:56:32', '2019-04-03 07:56:32'),
(420, 30, 0, 'Qui vero minus rerum voluptatibus.', 1, '2019-04-03 07:56:32', '2019-04-03 07:56:32'),
(421, 30, 0, 'Sint quia consequatur veniam autem quisquam.', 1, '2019-04-03 07:56:32', '2019-04-03 07:56:32'),
(422, 30, 0, 'Provident eaque maiores voluptatem sint vel.', 1, '2019-04-03 07:56:32', '2019-04-03 07:56:32'),
(423, 30, 0, 'Distinctio quos sapiente cum tenetur autem quaerat nihil quibusdam.', 0, '2019-04-03 07:56:32', '2019-04-03 07:56:32'),
(424, 30, 0, 'Consequatur similique natus sapiente quo voluptate.', 1, '2019-04-03 07:56:32', '2019-04-03 07:56:32'),
(425, 30, 0, 'Omnis deserunt enim ut et alias.', 0, '2019-04-03 07:56:32', '2019-04-03 07:56:32'),
(426, 30, 0, 'Perferendis et ipsam beatae voluptatibus velit et.', 0, '2019-04-03 07:56:32', '2019-04-03 07:56:32'),
(427, 30, 0, 'Aut pariatur est placeat.', 0, '2019-04-03 07:56:32', '2019-04-03 07:56:32'),
(428, 30, 0, 'Et iste nostrum incidunt.', 0, '2019-04-03 07:56:32', '2019-04-03 07:56:32'),
(429, 30, 0, 'Quasi reiciendis id quo.', 0, '2019-04-03 07:56:32', '2019-04-03 07:56:32'),
(430, 30, 0, 'Sed molestias esse labore autem itaque laboriosam.', 0, '2019-04-03 07:56:32', '2019-04-03 07:56:32'),
(431, 31, 0, 'Illo consectetur fugit explicabo.', 1, '2019-04-03 07:56:32', '2019-04-03 07:56:32'),
(432, 31, 0, 'Animi laborum est temporibus molestiae omnis ullam quo illum.', 0, '2019-04-03 07:56:32', '2019-04-03 07:56:32'),
(433, 31, 0, 'Eaque maiores iste necessitatibus est.', 0, '2019-04-03 07:56:32', '2019-04-03 07:56:32'),
(434, 31, 0, 'Sint placeat aut voluptas distinctio ipsam est.', 0, '2019-04-03 07:56:32', '2019-04-03 07:56:32'),
(435, 31, 0, 'Voluptatibus officiis non nesciunt non eum.', 0, '2019-04-03 07:56:32', '2019-04-03 07:56:32'),
(436, 31, 0, 'Molestiae consequatur nisi sint aut non qui.', 0, '2019-04-03 07:56:32', '2019-04-03 07:56:32'),
(437, 31, 0, 'Delectus qui ut libero.', 0, '2019-04-03 07:56:32', '2019-04-03 07:56:32'),
(438, 31, 0, 'Quam aperiam tempora ut voluptas necessitatibus.', 0, '2019-04-03 07:56:32', '2019-04-03 07:56:32'),
(439, 31, 0, 'Enim voluptas aut mollitia.', 1, '2019-04-03 07:56:32', '2019-04-03 07:56:32'),
(440, 31, 0, 'Ut explicabo similique omnis molestias voluptate quo.', 1, '2019-04-03 07:56:32', '2019-04-03 07:56:32'),
(441, 31, 0, 'Id quasi corporis explicabo autem amet itaque.', 1, '2019-04-03 07:56:32', '2019-04-03 07:56:32'),
(442, 31, 0, 'Rerum est iste accusantium consequatur ullam quasi et.', 0, '2019-04-03 07:56:32', '2019-04-03 07:56:32'),
(443, 31, 0, 'Aperiam quasi aut sunt dolores tenetur et.', 0, '2019-04-03 07:56:32', '2019-04-03 07:56:32'),
(444, 31, 0, 'Molestias illum praesentium aliquid quasi at vitae reprehenderit enim.', 0, '2019-04-03 07:56:32', '2019-04-03 07:56:32'),
(445, 31, 0, 'Dolores voluptatem distinctio hic assumenda.', 0, '2019-04-03 07:56:32', '2019-04-03 07:56:32'),
(446, 31, 0, 'Recusandae deserunt explicabo maiores maiores quo et.', 1, '2019-04-03 07:56:32', '2019-04-03 07:56:32'),
(447, 31, 0, 'Architecto modi aut ut corrupti culpa laboriosam.', 0, '2019-04-03 07:56:32', '2019-04-03 07:56:32'),
(448, 32, 0, 'Quaerat et ipsa a sit voluptatem.', 0, '2019-04-03 07:56:32', '2019-04-03 07:56:32'),
(449, 32, 0, 'Mollitia error magnam alias perspiciatis quo.', 1, '2019-04-03 07:56:32', '2019-04-03 07:56:32'),
(450, 32, 0, 'Quibusdam quo impedit maxime veniam.', 1, '2019-04-03 07:56:32', '2019-04-03 07:56:32'),
(451, 32, 0, 'Deleniti sequi occaecati qui quia nemo ut reprehenderit.', 1, '2019-04-03 07:56:32', '2019-04-03 07:56:32'),
(452, 32, 0, 'Et dolores temporibus repellat aliquam eius corrupti.', 0, '2019-04-03 07:56:32', '2019-04-03 07:56:32'),
(453, 32, 0, 'Maiores veritatis officia nihil modi culpa deleniti quasi.', 1, '2019-04-03 07:56:32', '2019-04-03 07:56:32'),
(454, 32, 0, 'Dolore voluptas est architecto neque.', 0, '2019-04-03 07:56:32', '2019-04-03 07:56:32'),
(455, 32, 0, 'Odit qui voluptatem esse alias atque cupiditate impedit.', 1, '2019-04-03 07:56:32', '2019-04-03 07:56:32'),
(456, 32, 0, 'Sint placeat sint laborum ab quis aspernatur ut.', 1, '2019-04-03 07:56:32', '2019-04-03 07:56:32'),
(457, 32, 0, 'Quo sunt aliquam ducimus autem.', 1, '2019-04-03 07:56:32', '2019-04-03 07:56:32'),
(458, 32, 0, 'Quas deserunt dolore est sed ratione ullam rerum sunt.', 0, '2019-04-03 07:56:32', '2019-04-03 07:56:32'),
(459, 32, 0, 'Dolore iusto quia expedita suscipit occaecati possimus culpa.', 1, '2019-04-03 07:56:32', '2019-04-03 07:56:32'),
(460, 33, 0, 'Molestiae dolorum quas eum totam facilis neque qui.', 1, '2019-04-03 07:56:32', '2019-04-03 07:56:32'),
(461, 33, 0, 'Omnis veritatis cupiditate sapiente ad voluptatem quia odit.', 0, '2019-04-03 07:56:32', '2019-04-03 07:56:32'),
(462, 33, 0, 'Ad assumenda dignissimos consequuntur ducimus debitis.', 1, '2019-04-03 07:56:32', '2019-04-03 07:56:32');
INSERT INTO `tasks` (`id`, `user_id`, `category-id`, `title`, `is_complete`, `created_at`, `updated_at`) VALUES
(463, 33, 0, 'Iure placeat eum reiciendis voluptatem facere voluptas minima.', 0, '2019-04-03 07:56:32', '2019-04-03 07:56:32'),
(464, 33, 0, 'Totam rerum alias optio consequatur sunt officia.', 1, '2019-04-03 07:56:32', '2019-04-03 07:56:32'),
(465, 33, 0, 'Consequuntur et eos inventore qui ea aliquid reprehenderit.', 1, '2019-04-03 07:56:32', '2019-04-03 07:56:32'),
(466, 33, 0, 'Eveniet ullam sit explicabo sapiente.', 1, '2019-04-03 07:56:32', '2019-04-03 07:56:32'),
(467, 33, 0, 'Facilis harum natus a ut.', 1, '2019-04-03 07:56:32', '2019-04-03 07:56:32'),
(468, 33, 0, 'Nam harum fugit velit officiis consequatur in.', 0, '2019-04-03 07:56:32', '2019-04-03 07:56:32'),
(469, 33, 0, 'Nemo vero a eum molestias.', 1, '2019-04-03 07:56:32', '2019-04-03 07:56:32'),
(470, 33, 0, 'Id laudantium iste dicta nesciunt architecto aut.', 1, '2019-04-03 07:56:32', '2019-04-03 07:56:32'),
(471, 34, 0, 'Totam a animi voluptatem impedit sapiente quo rem.', 1, '2019-04-03 07:56:32', '2019-04-03 07:56:32'),
(472, 34, 0, 'Sint esse et sapiente est dolorum ipsum commodi.', 0, '2019-04-03 07:56:32', '2019-04-03 07:56:32'),
(473, 34, 0, 'Voluptatem consectetur aut commodi maiores magni eaque ratione consequatur.', 1, '2019-04-03 07:56:32', '2019-04-03 07:56:32'),
(474, 34, 0, 'Blanditiis et suscipit quibusdam quaerat vel qui.', 0, '2019-04-03 07:56:32', '2019-04-03 07:56:32'),
(475, 34, 0, 'Ab nulla qui ex assumenda iste qui.', 1, '2019-04-03 07:56:32', '2019-04-03 07:56:32'),
(476, 34, 0, 'Veniam quia et suscipit occaecati corporis similique et.', 0, '2019-04-03 07:56:32', '2019-04-03 07:56:32'),
(477, 34, 0, 'Vero aliquid facilis itaque temporibus impedit.', 0, '2019-04-03 07:56:32', '2019-04-03 07:56:32'),
(478, 34, 0, 'Dolorem placeat libero incidunt in numquam est aperiam.', 1, '2019-04-03 07:56:32', '2019-04-03 07:56:32'),
(479, 34, 0, 'Suscipit repudiandae quos cum ad consectetur.', 0, '2019-04-03 07:56:32', '2019-04-03 07:56:32'),
(480, 34, 0, 'Excepturi suscipit voluptatem eligendi.', 0, '2019-04-03 07:56:32', '2019-04-03 07:56:32'),
(481, 34, 0, 'Ex ratione sed eaque libero est.', 1, '2019-04-03 07:56:32', '2019-04-03 07:56:32'),
(482, 34, 0, 'Ratione explicabo architecto doloremque cum necessitatibus perferendis.', 0, '2019-04-03 07:56:32', '2019-04-03 07:56:32'),
(483, 34, 0, 'Consequatur est eos voluptatem dicta.', 1, '2019-04-03 07:56:32', '2019-04-03 07:56:32'),
(484, 34, 0, 'Doloribus corrupti esse ut.', 1, '2019-04-03 07:56:32', '2019-04-03 07:56:32'),
(485, 34, 0, 'Et officia ullam consequuntur veniam sed quas.', 0, '2019-04-03 07:56:32', '2019-04-03 07:56:32'),
(486, 34, 0, 'Est eveniet est hic aut incidunt ad odio.', 0, '2019-04-03 07:56:32', '2019-04-03 07:56:32'),
(487, 34, 0, 'Quis ducimus ut magni reprehenderit laudantium eos.', 0, '2019-04-03 07:56:32', '2019-04-03 07:56:32'),
(488, 34, 0, 'Provident unde facilis rerum quia consequatur voluptatem.', 0, '2019-04-03 07:56:32', '2019-04-03 07:56:32'),
(489, 34, 0, 'Et magnam repellendus et.', 0, '2019-04-03 07:56:32', '2019-04-03 07:56:32'),
(490, 35, 0, 'Voluptas officiis velit sunt et.', 0, '2019-04-03 07:56:32', '2019-04-03 07:56:32'),
(491, 35, 0, 'Doloribus voluptas magni dignissimos aperiam voluptatem et sit nobis.', 1, '2019-04-03 07:56:32', '2019-04-03 07:56:32'),
(492, 35, 0, 'Vel ipsum aliquam ipsa.', 0, '2019-04-03 07:56:32', '2019-04-03 07:56:32'),
(493, 35, 0, 'Aut laboriosam eaque ullam enim voluptas quos ea.', 1, '2019-04-03 07:56:32', '2019-04-03 07:56:32'),
(494, 35, 0, 'Est nulla sint velit provident.', 0, '2019-04-03 07:56:32', '2019-04-03 07:56:32'),
(495, 35, 0, 'Rerum voluptas eaque culpa velit et.', 1, '2019-04-03 07:56:32', '2019-04-03 07:56:32'),
(496, 35, 0, 'Voluptate praesentium voluptatem explicabo quia.', 1, '2019-04-03 07:56:32', '2019-04-03 07:56:32'),
(497, 35, 0, 'Itaque dolore id quas dolores quas corrupti fugit.', 1, '2019-04-03 07:56:32', '2019-04-03 07:56:32'),
(498, 35, 0, 'Rerum laudantium rerum nisi tempore incidunt.', 1, '2019-04-03 07:56:32', '2019-04-03 07:56:32'),
(499, 35, 0, 'Ut eligendi ex sit culpa rerum adipisci consequatur vel.', 1, '2019-04-03 07:56:32', '2019-04-03 07:56:32'),
(500, 35, 0, 'Nam qui doloribus et harum atque.', 1, '2019-04-03 07:56:32', '2019-04-03 07:56:32'),
(501, 35, 0, 'Reprehenderit quisquam doloremque illum quaerat qui.', 1, '2019-04-03 07:56:32', '2019-04-03 07:56:32'),
(502, 36, 0, 'Similique asperiores voluptas modi in aliquid possimus.', 1, '2019-04-03 07:56:32', '2019-04-03 07:56:32'),
(503, 36, 0, 'Sapiente et itaque dolor corrupti et.', 0, '2019-04-03 07:56:32', '2019-04-03 07:56:32'),
(504, 36, 0, 'Qui perspiciatis error maxime inventore.', 0, '2019-04-03 07:56:32', '2019-04-03 07:56:32'),
(505, 36, 0, 'Ad saepe tenetur iste et aut illo.', 1, '2019-04-03 07:56:32', '2019-04-03 07:56:32'),
(506, 36, 0, 'Incidunt quis ea omnis iure eaque mollitia.', 1, '2019-04-03 07:56:32', '2019-04-03 07:56:32'),
(507, 36, 0, 'Iste facere officiis et occaecati sint aliquam ut.', 1, '2019-04-03 07:56:32', '2019-04-03 07:56:32'),
(508, 36, 0, 'Deleniti vero libero dolorem et et repudiandae.', 1, '2019-04-03 07:56:32', '2019-04-03 07:56:32'),
(509, 36, 0, 'Aut a iusto reiciendis omnis iure autem quia.', 1, '2019-04-03 07:56:32', '2019-04-03 07:56:32'),
(510, 36, 0, 'Non quaerat aut quis cupiditate dolore.', 0, '2019-04-03 07:56:32', '2019-04-03 07:56:32'),
(511, 36, 0, 'Totam ut id maxime sit excepturi nobis odio.', 0, '2019-04-03 07:56:32', '2019-04-03 07:56:32'),
(512, 36, 0, 'Eos consectetur ea et magnam nulla quia.', 1, '2019-04-03 07:56:32', '2019-04-03 07:56:32'),
(513, 36, 0, 'Ea et velit nam iste vero.', 0, '2019-04-03 07:56:32', '2019-04-03 07:56:32'),
(514, 36, 0, 'Sapiente nihil quod blanditiis soluta.', 0, '2019-04-03 07:56:32', '2019-04-03 07:56:32'),
(515, 36, 0, 'Occaecati non dicta quis et.', 1, '2019-04-03 07:56:32', '2019-04-03 07:56:32'),
(516, 36, 0, 'Voluptate minus minima asperiores vel quo sed labore.', 1, '2019-04-03 07:56:32', '2019-04-03 07:56:32'),
(517, 36, 0, 'Accusantium nulla quas illo.', 0, '2019-04-03 07:56:32', '2019-04-03 07:56:32'),
(518, 37, 0, 'Fugiat rerum voluptate tempora optio enim quo.', 0, '2019-04-03 07:56:32', '2019-04-03 07:56:32'),
(519, 37, 0, 'Magnam occaecati temporibus dolor dolores dolores et.', 0, '2019-04-03 07:56:32', '2019-04-03 07:56:32'),
(520, 37, 0, 'Et error unde maiores et corporis.', 1, '2019-04-03 07:56:32', '2019-04-03 07:56:32'),
(521, 37, 0, 'Eum quam quasi dicta vel in.', 1, '2019-04-03 07:56:32', '2019-04-03 07:56:32'),
(522, 37, 0, 'Velit libero et ut dolore voluptatum voluptas.', 1, '2019-04-03 07:56:32', '2019-04-03 07:56:32'),
(523, 37, 0, 'Odio enim culpa et suscipit et voluptas laboriosam.', 1, '2019-04-03 07:56:32', '2019-04-03 07:56:32'),
(524, 37, 0, 'Earum rerum iure voluptatem fugiat vel quaerat.', 0, '2019-04-03 07:56:32', '2019-04-03 07:56:32'),
(525, 37, 0, 'Qui ut porro libero sequi aut.', 0, '2019-04-03 07:56:32', '2019-04-03 07:56:32'),
(526, 37, 0, 'Laudantium ut ut rerum tenetur corporis ut soluta accusamus.', 1, '2019-04-03 07:56:32', '2019-04-03 07:56:32'),
(527, 37, 0, 'Tenetur quos maxime vel perferendis illo quos.', 0, '2019-04-03 07:56:32', '2019-04-03 07:56:32'),
(528, 37, 0, 'Saepe fuga sit labore omnis non.', 0, '2019-04-03 07:56:32', '2019-04-03 07:56:32'),
(529, 37, 0, 'Dolor sapiente qui vitae voluptatem.', 1, '2019-04-03 07:56:32', '2019-04-03 07:56:32'),
(530, 37, 0, 'Nihil fuga aperiam facilis quam repudiandae inventore molestias.', 1, '2019-04-03 07:56:32', '2019-04-03 07:56:32'),
(531, 38, 0, 'Quia voluptates eos sed reprehenderit perspiciatis facere.', 1, '2019-04-03 07:56:32', '2019-04-03 07:56:32'),
(532, 38, 0, 'Veniam sed sed nulla harum consequatur culpa fugit hic.', 0, '2019-04-03 07:56:32', '2019-04-03 07:56:32'),
(533, 38, 0, 'Incidunt eaque consequatur id ex non accusamus beatae expedita.', 1, '2019-04-03 07:56:32', '2019-04-03 07:56:32'),
(534, 38, 0, 'Aliquam non est sapiente et deleniti.', 0, '2019-04-03 07:56:32', '2019-04-03 07:56:32'),
(535, 38, 0, 'Eveniet placeat accusantium voluptatem ut pariatur dolorem assumenda.', 0, '2019-04-03 07:56:32', '2019-04-03 07:56:32'),
(536, 38, 0, 'Voluptas voluptates qui molestiae id sed nemo nam et.', 1, '2019-04-03 07:56:32', '2019-04-03 07:56:32'),
(537, 38, 0, 'Et fuga dolore dolor natus.', 1, '2019-04-03 07:56:32', '2019-04-03 07:56:32'),
(538, 38, 0, 'Placeat aut natus sit et voluptate reprehenderit nisi in.', 1, '2019-04-03 07:56:32', '2019-04-03 07:56:32'),
(539, 38, 0, 'Molestias amet ut fugiat error nihil.', 0, '2019-04-03 07:56:32', '2019-04-03 07:56:32'),
(540, 38, 0, 'Fuga culpa error enim at ut.', 1, '2019-04-03 07:56:32', '2019-04-03 07:56:32'),
(541, 38, 0, 'Facere omnis itaque molestias magni iure nisi fugit id.', 0, '2019-04-03 07:56:32', '2019-04-03 07:56:32'),
(542, 38, 0, 'Aut quis aut eius natus autem asperiores.', 1, '2019-04-03 07:56:32', '2019-04-03 07:56:32'),
(543, 38, 0, 'Eveniet voluptas aperiam aperiam adipisci.', 1, '2019-04-03 07:56:32', '2019-04-03 07:56:32'),
(544, 38, 0, 'Esse sequi est facilis voluptas doloremque ipsum.', 0, '2019-04-03 07:56:32', '2019-04-03 07:56:32'),
(545, 38, 0, 'Illum fugit enim sit quia soluta autem.', 0, '2019-04-03 07:56:32', '2019-04-03 07:56:32'),
(546, 38, 0, 'Et autem et quia facilis facere est et.', 0, '2019-04-03 07:56:32', '2019-04-03 07:56:32'),
(547, 39, 0, 'Quis sapiente dolores repudiandae qui nulla.', 0, '2019-04-03 07:56:32', '2019-04-03 07:56:32'),
(548, 39, 0, 'Mollitia ut ex consequatur suscipit nemo recusandae quaerat omnis.', 0, '2019-04-03 07:56:32', '2019-04-03 07:56:32'),
(549, 39, 0, 'In eos enim cupiditate nemo optio earum nobis.', 1, '2019-04-03 07:56:32', '2019-04-03 07:56:32'),
(550, 39, 0, 'Quidem sed quod quae iusto aperiam autem omnis fugiat.', 0, '2019-04-03 07:56:32', '2019-04-03 07:56:32'),
(551, 39, 0, 'Non non voluptas nemo non.', 1, '2019-04-03 07:56:32', '2019-04-03 07:56:32'),
(552, 39, 0, 'Vel nobis porro deserunt non.', 0, '2019-04-03 07:56:32', '2019-04-03 07:56:32'),
(553, 39, 0, 'Magni et reiciendis voluptate rerum ducimus.', 0, '2019-04-03 07:56:32', '2019-04-03 07:56:32'),
(554, 39, 0, 'Sit sint soluta ut eligendi aut tempora illo.', 1, '2019-04-03 07:56:32', '2019-04-03 07:56:32'),
(555, 39, 0, 'Eveniet architecto alias hic exercitationem aut.', 0, '2019-04-03 07:56:32', '2019-04-03 07:56:32'),
(556, 39, 0, 'Quia pariatur quis in enim id.', 1, '2019-04-03 07:56:32', '2019-04-03 07:56:32'),
(557, 40, 0, 'Vel explicabo nobis reprehenderit vel iste.', 1, '2019-04-03 07:56:32', '2019-04-03 07:56:32'),
(558, 40, 0, 'Exercitationem voluptas exercitationem ad sint rerum praesentium quia.', 0, '2019-04-03 07:56:32', '2019-04-03 07:56:32'),
(559, 40, 0, 'Nobis similique magnam aliquam et dolorem consectetur tenetur.', 0, '2019-04-03 07:56:32', '2019-04-03 07:56:32'),
(560, 40, 0, 'Cupiditate perferendis aut mollitia excepturi.', 0, '2019-04-03 07:56:32', '2019-04-03 07:56:32'),
(561, 40, 0, 'Sunt ab excepturi sed assumenda dolorum ut.', 0, '2019-04-03 07:56:32', '2019-04-03 07:56:32'),
(562, 40, 0, 'Et tempore aspernatur laboriosam nesciunt voluptas magnam nihil.', 0, '2019-04-03 07:56:32', '2019-04-03 07:56:32'),
(563, 40, 0, 'Eum et repudiandae eligendi culpa rerum et.', 0, '2019-04-03 07:56:32', '2019-04-03 07:56:32'),
(564, 40, 0, 'Hic alias odit assumenda perferendis esse velit architecto.', 0, '2019-04-03 07:56:32', '2019-04-03 07:56:32'),
(565, 40, 0, 'Velit ipsam illum facilis excepturi harum tempora porro.', 0, '2019-04-03 07:56:32', '2019-04-03 07:56:32'),
(566, 40, 0, 'Vel ducimus expedita alias unde delectus ipsum.', 1, '2019-04-03 07:56:32', '2019-04-03 07:56:32'),
(567, 40, 0, 'Rerum dolorem suscipit omnis est atque quod.', 0, '2019-04-03 07:56:32', '2019-04-03 07:56:32'),
(568, 40, 0, 'Ut illum saepe nemo.', 0, '2019-04-03 07:56:32', '2019-04-03 07:56:32'),
(569, 40, 0, 'Hic inventore rerum eius commodi et soluta.', 0, '2019-04-03 07:56:32', '2019-04-03 07:56:32'),
(570, 40, 0, 'Tempore cumque sit repudiandae est eaque molestiae voluptates officiis.', 1, '2019-04-03 07:56:32', '2019-04-03 07:56:32'),
(571, 40, 0, 'Unde qui voluptatum eligendi ut maxime expedita.', 0, '2019-04-03 07:56:32', '2019-04-03 07:56:32'),
(572, 41, 0, 'Facilis laboriosam repellendus est placeat eius at sit.', 1, '2019-04-03 07:56:32', '2019-04-03 07:56:32'),
(573, 41, 0, 'Quia placeat explicabo earum nihil atque ut.', 0, '2019-04-03 07:56:32', '2019-04-03 07:56:32'),
(574, 41, 0, 'Iusto ea laboriosam natus in veniam corporis sit.', 1, '2019-04-03 07:56:32', '2019-04-03 07:56:32'),
(575, 41, 0, 'Quae non molestiae asperiores facilis.', 1, '2019-04-03 07:56:32', '2019-04-03 07:56:32'),
(576, 41, 0, 'Quos a non qui dolorem excepturi quo rerum.', 0, '2019-04-03 07:56:32', '2019-04-03 07:56:32'),
(577, 41, 0, 'Rerum veniam et neque.', 1, '2019-04-03 07:56:32', '2019-04-03 07:56:32'),
(578, 41, 0, 'Rerum voluptatem quas cum quia eum omnis.', 1, '2019-04-03 07:56:32', '2019-04-03 07:56:32'),
(579, 41, 0, 'Architecto alias reiciendis velit itaque.', 0, '2019-04-03 07:56:32', '2019-04-03 07:56:32'),
(580, 41, 0, 'Accusamus itaque omnis eveniet.', 0, '2019-04-03 07:56:32', '2019-04-03 07:56:32'),
(581, 41, 0, 'Minus deserunt sed vel explicabo et.', 0, '2019-04-03 07:56:32', '2019-04-03 07:56:32'),
(582, 41, 0, 'Velit qui consectetur voluptatem consequatur.', 0, '2019-04-03 07:56:32', '2019-04-03 07:56:32'),
(583, 41, 0, 'Ut minima et suscipit reprehenderit dolore omnis et.', 0, '2019-04-03 07:56:32', '2019-04-03 07:56:32'),
(584, 41, 0, 'Dolores cumque iste quas id.', 0, '2019-04-03 07:56:32', '2019-04-03 07:56:32'),
(585, 41, 0, 'Doloribus et possimus aliquid autem reprehenderit et.', 1, '2019-04-03 07:56:32', '2019-04-03 07:56:32'),
(586, 42, 0, 'Saepe nihil ab eius dolorem.', 0, '2019-04-03 07:56:32', '2019-04-03 07:56:32'),
(587, 42, 0, 'Aut vel ea voluptatum inventore asperiores aut eos.', 1, '2019-04-03 07:56:32', '2019-04-03 07:56:32'),
(588, 42, 0, 'Et tempora amet non sapiente facilis qui.', 1, '2019-04-03 07:56:32', '2019-04-03 07:56:32'),
(589, 42, 0, 'Blanditiis qui molestias et incidunt incidunt velit.', 0, '2019-04-03 07:56:32', '2019-04-03 07:56:32'),
(590, 42, 0, 'Sapiente qui dolor impedit explicabo ducimus iure.', 0, '2019-04-03 07:56:32', '2019-04-03 07:56:32'),
(591, 42, 0, 'Quaerat aperiam quia eligendi beatae nihil voluptas aut.', 0, '2019-04-03 07:56:32', '2019-04-03 07:56:32'),
(592, 42, 0, 'Inventore cupiditate molestias et a corporis sed.', 1, '2019-04-03 07:56:32', '2019-04-03 07:56:32'),
(593, 42, 0, 'Commodi vel consequatur modi voluptas.', 1, '2019-04-03 07:56:32', '2019-04-03 07:56:32'),
(594, 42, 0, 'Et dolorem quasi consequatur aut animi corrupti.', 0, '2019-04-03 07:56:32', '2019-04-03 07:56:32'),
(595, 42, 0, 'Reprehenderit deserunt ut quia veritatis non.', 0, '2019-04-03 07:56:32', '2019-04-03 07:56:32'),
(596, 42, 0, 'Numquam enim sunt sit dolorum perspiciatis nemo aut.', 0, '2019-04-03 07:56:32', '2019-04-03 07:56:32'),
(597, 42, 0, 'Voluptate dolor consequatur nobis quam non magni blanditiis.', 1, '2019-04-03 07:56:32', '2019-04-03 07:56:32'),
(598, 42, 0, 'Est quia optio accusantium quam.', 0, '2019-04-03 07:56:32', '2019-04-03 07:56:32'),
(599, 42, 0, 'Voluptas sed expedita nisi ut harum quo.', 1, '2019-04-03 07:56:32', '2019-04-03 07:56:32'),
(600, 42, 0, 'Saepe voluptatum est sunt vel nam placeat omnis sunt.', 1, '2019-04-03 07:56:32', '2019-04-03 07:56:32'),
(601, 42, 0, 'Aut asperiores nesciunt dolore soluta.', 1, '2019-04-03 07:56:32', '2019-04-03 07:56:32'),
(602, 42, 0, 'Laboriosam ea possimus nihil et et.', 0, '2019-04-03 07:56:32', '2019-04-03 07:56:32'),
(603, 42, 0, 'Eos minima et fugit natus quo.', 1, '2019-04-03 07:56:32', '2019-04-03 07:56:32'),
(604, 43, 0, 'Veritatis quaerat voluptatem mollitia quis.', 1, '2019-04-03 07:56:32', '2019-04-03 07:56:32'),
(605, 43, 0, 'Nostrum officia dolore qui tenetur nisi minus.', 1, '2019-04-03 07:56:32', '2019-04-03 07:56:32'),
(606, 43, 0, 'Similique est veritatis voluptatem dolorum quos dignissimos in.', 0, '2019-04-03 07:56:32', '2019-04-03 07:56:32'),
(607, 43, 0, 'Consequuntur ut voluptatum corrupti.', 1, '2019-04-03 07:56:32', '2019-04-03 07:56:32'),
(608, 43, 0, 'Adipisci eum adipisci voluptas dolor ab ut.', 0, '2019-04-03 07:56:32', '2019-04-03 07:56:32'),
(609, 43, 0, 'Esse nam id doloribus voluptatibus fuga reprehenderit nihil.', 0, '2019-04-03 07:56:32', '2019-04-03 07:56:32'),
(610, 43, 0, 'Omnis et sunt consequatur et harum.', 1, '2019-04-03 07:56:32', '2019-04-03 07:56:32'),
(611, 43, 0, 'Consequatur ut numquam totam voluptatum aliquid architecto explicabo eos.', 0, '2019-04-03 07:56:32', '2019-04-03 07:56:32'),
(612, 43, 0, 'Voluptatibus dolor in odit minima.', 0, '2019-04-03 07:56:32', '2019-04-03 07:56:32'),
(613, 43, 0, 'Minus iusto sint molestiae tempora.', 0, '2019-04-03 07:56:32', '2019-04-03 07:56:32'),
(614, 43, 0, 'Alias consequuntur necessitatibus voluptates ut.', 0, '2019-04-03 07:56:32', '2019-04-03 07:56:32'),
(615, 43, 0, 'Et in ullam sunt.', 1, '2019-04-03 07:56:32', '2019-04-03 07:56:32'),
(616, 43, 0, 'Et voluptas saepe doloremque perferendis nam illo quis ut.', 0, '2019-04-03 07:56:32', '2019-04-03 07:56:32'),
(617, 43, 0, 'Adipisci perferendis maiores quia.', 0, '2019-04-03 07:56:32', '2019-04-03 07:56:32'),
(618, 43, 0, 'Laborum explicabo reprehenderit et illo.', 1, '2019-04-03 07:56:32', '2019-04-03 07:56:32'),
(619, 44, 0, 'Ad eius nihil et accusantium.', 1, '2019-04-03 07:56:32', '2019-04-03 07:56:32'),
(620, 44, 0, 'Itaque dicta sunt aut ut.', 0, '2019-04-03 07:56:32', '2019-04-03 07:56:32'),
(621, 44, 0, 'Accusamus sunt sed praesentium optio voluptatibus.', 0, '2019-04-03 07:56:32', '2019-04-03 07:56:32'),
(622, 44, 0, 'Sapiente aliquid qui quam cum sit.', 0, '2019-04-03 07:56:32', '2019-04-03 07:56:32'),
(623, 44, 0, 'Natus alias cupiditate et a quia hic.', 0, '2019-04-03 07:56:32', '2019-04-03 07:56:32'),
(624, 44, 0, 'Eius veniam quam non autem id tempora sunt.', 1, '2019-04-03 07:56:32', '2019-04-03 07:56:32'),
(625, 44, 0, 'Quas sapiente perferendis ea soluta odit eligendi.', 0, '2019-04-03 07:56:32', '2019-04-03 07:56:32'),
(626, 44, 0, 'Accusantium expedita aliquid repellendus sint cumque et nulla.', 0, '2019-04-03 07:56:32', '2019-04-03 07:56:32'),
(627, 44, 0, 'Qui ut nisi eos velit ad molestias eligendi.', 1, '2019-04-03 07:56:32', '2019-04-03 07:56:32'),
(628, 44, 0, 'Aut minima saepe alias voluptatem recusandae rerum nobis est.', 0, '2019-04-03 07:56:32', '2019-04-03 07:56:32'),
(629, 44, 0, 'In deserunt maxime blanditiis molestiae laborum.', 1, '2019-04-03 07:56:32', '2019-04-03 07:56:32'),
(630, 45, 0, 'Voluptatem officiis eligendi numquam exercitationem fugiat minus.', 0, '2019-04-03 07:56:32', '2019-04-03 07:56:32'),
(631, 45, 0, 'Earum sit ducimus corporis officiis accusamus voluptas aut.', 0, '2019-04-03 07:56:32', '2019-04-03 07:56:32'),
(632, 45, 0, 'Omnis nesciunt laborum esse sit est eveniet.', 1, '2019-04-03 07:56:32', '2019-04-03 07:56:32'),
(633, 45, 0, 'Temporibus molestiae eum magnam sunt in.', 0, '2019-04-03 07:56:32', '2019-04-03 07:56:32'),
(634, 45, 0, 'Officia hic eum qui nemo.', 1, '2019-04-03 07:56:32', '2019-04-03 07:56:32'),
(635, 45, 0, 'Maiores ea porro fugit accusantium.', 1, '2019-04-03 07:56:32', '2019-04-03 07:56:32'),
(636, 45, 0, 'Distinctio quia et voluptatum incidunt eum et.', 0, '2019-04-03 07:56:32', '2019-04-03 07:56:32'),
(637, 45, 0, 'Labore rerum voluptas accusamus sit ut fugiat.', 1, '2019-04-03 07:56:32', '2019-04-03 07:56:32'),
(638, 45, 0, 'Culpa mollitia nisi aut non.', 1, '2019-04-03 07:56:32', '2019-04-03 07:56:32'),
(639, 45, 0, 'Doloribus excepturi eius a aliquam sed.', 0, '2019-04-03 07:56:32', '2019-04-03 07:56:32'),
(640, 45, 0, 'Ut officia nisi magni illo.', 0, '2019-04-03 07:56:32', '2019-04-03 07:56:32'),
(641, 45, 0, 'Asperiores velit eos non qui sequi temporibus temporibus.', 0, '2019-04-03 07:56:32', '2019-04-03 07:56:32'),
(642, 45, 0, 'Nesciunt aliquid dolorem vel ipsum.', 0, '2019-04-03 07:56:32', '2019-04-03 07:56:32'),
(643, 45, 0, 'Rerum quis iure dolorem.', 0, '2019-04-03 07:56:32', '2019-04-03 07:56:32'),
(644, 45, 0, 'Assumenda corporis ut quo quae.', 0, '2019-04-03 07:56:32', '2019-04-03 07:56:32'),
(645, 45, 0, 'Voluptas nam saepe suscipit qui ducimus nihil consequatur.', 1, '2019-04-03 07:56:32', '2019-04-03 07:56:32'),
(646, 45, 0, 'Sit architecto laborum autem eius.', 0, '2019-04-03 07:56:32', '2019-04-03 07:56:32'),
(647, 46, 0, 'Nihil beatae qui architecto quam eos magnam.', 0, '2019-04-03 07:56:32', '2019-04-03 07:56:32'),
(648, 46, 0, 'Aliquid sed odio cumque a placeat iste.', 0, '2019-04-03 07:56:32', '2019-04-03 07:56:32'),
(649, 46, 0, 'Soluta voluptatem placeat natus cum numquam error.', 0, '2019-04-03 07:56:32', '2019-04-03 07:56:32'),
(650, 46, 0, 'Quo aut provident vel quos.', 1, '2019-04-03 07:56:32', '2019-04-03 07:56:32'),
(651, 46, 0, 'Fuga dolores neque excepturi quae rerum voluptas.', 0, '2019-04-03 07:56:32', '2019-04-03 07:56:32'),
(652, 46, 0, 'Nulla recusandae ut culpa id omnis dolores nesciunt velit.', 0, '2019-04-03 07:56:32', '2019-04-03 07:56:32'),
(653, 46, 0, 'In voluptas aut omnis rerum perspiciatis.', 0, '2019-04-03 07:56:32', '2019-04-03 07:56:32'),
(654, 46, 0, 'Sit qui et deleniti molestias laboriosam dolorem repellendus.', 0, '2019-04-03 07:56:32', '2019-04-03 07:56:32'),
(655, 46, 0, 'Adipisci est deserunt eum rerum laudantium cum.', 0, '2019-04-03 07:56:32', '2019-04-03 07:56:32'),
(656, 46, 0, 'Vitae veritatis fugiat expedita.', 1, '2019-04-03 07:56:32', '2019-04-03 07:56:32'),
(657, 46, 0, 'Unde ut dignissimos dolorem exercitationem sed non ut.', 1, '2019-04-03 07:56:32', '2019-04-03 07:56:32'),
(658, 47, 0, 'Voluptas delectus vel est sunt voluptatem natus.', 1, '2019-04-03 07:56:32', '2019-04-03 07:56:32'),
(659, 47, 0, 'Incidunt dolor quam nemo neque.', 1, '2019-04-03 07:56:32', '2019-04-03 07:56:32'),
(660, 47, 0, 'Facilis dolorem provident placeat voluptas.', 1, '2019-04-03 07:56:32', '2019-04-03 07:56:32'),
(661, 47, 0, 'Rerum qui iure rerum sit.', 1, '2019-04-03 07:56:32', '2019-04-03 07:56:32'),
(662, 47, 0, 'Quia itaque consequatur laborum accusamus est reprehenderit magnam.', 0, '2019-04-03 07:56:32', '2019-04-03 07:56:32'),
(663, 47, 0, 'Voluptates dolor inventore qui perferendis.', 0, '2019-04-03 07:56:32', '2019-04-03 07:56:32'),
(664, 47, 0, 'Excepturi reiciendis inventore ipsum dolore.', 1, '2019-04-03 07:56:32', '2019-04-03 07:56:32'),
(665, 47, 0, 'Et nihil ea est blanditiis animi magnam.', 1, '2019-04-03 07:56:32', '2019-04-03 07:56:32'),
(666, 47, 0, 'Animi quidem nulla voluptatum accusamus at nulla unde.', 0, '2019-04-03 07:56:32', '2019-04-03 07:56:32'),
(667, 47, 0, 'Suscipit consequatur rem est esse iure.', 1, '2019-04-03 07:56:32', '2019-04-03 07:56:32'),
(668, 47, 0, 'Nisi quo iste totam fugit accusamus nihil a.', 1, '2019-04-03 07:56:32', '2019-04-03 07:56:32'),
(669, 47, 0, 'Nemo esse nihil et qui.', 0, '2019-04-03 07:56:32', '2019-04-03 07:56:32'),
(670, 47, 0, 'Enim aut nisi quidem aut deserunt sint corrupti.', 1, '2019-04-03 07:56:32', '2019-04-03 07:56:32'),
(671, 47, 0, 'Et autem ut rerum.', 0, '2019-04-03 07:56:32', '2019-04-03 07:56:32'),
(672, 47, 0, 'Sed et ut reiciendis quo quia.', 1, '2019-04-03 07:56:32', '2019-04-03 07:56:32'),
(673, 47, 0, 'Eligendi libero totam rerum dignissimos sit et.', 1, '2019-04-03 07:56:32', '2019-04-03 07:56:32'),
(674, 47, 0, 'Dolore sint assumenda est.', 1, '2019-04-03 07:56:32', '2019-04-03 07:56:32'),
(675, 47, 0, 'Recusandae excepturi sed eum earum error ratione.', 1, '2019-04-03 07:56:32', '2019-04-03 07:56:32'),
(676, 47, 0, 'Molestias praesentium reprehenderit sed rerum et sit.', 1, '2019-04-03 07:56:32', '2019-04-03 07:56:32'),
(677, 48, 0, 'Impedit minus velit modi facilis odit suscipit exercitationem.', 0, '2019-04-03 07:56:32', '2019-04-03 07:56:32'),
(678, 48, 0, 'Asperiores quibusdam et eius sunt.', 0, '2019-04-03 07:56:32', '2019-04-03 07:56:32'),
(679, 48, 0, 'Quas odit quas eum aliquid quia ipsam doloribus.', 0, '2019-04-03 07:56:32', '2019-04-03 07:56:32'),
(680, 48, 0, 'Ut placeat voluptas rerum mollitia sed sit dolorum.', 0, '2019-04-03 07:56:32', '2019-04-03 07:56:32'),
(681, 48, 0, 'Nemo deleniti velit ducimus quas.', 0, '2019-04-03 07:56:32', '2019-04-03 07:56:32'),
(682, 48, 0, 'Ipsam qui quam et excepturi ea consectetur.', 1, '2019-04-03 07:56:32', '2019-04-03 07:56:32'),
(683, 48, 0, 'Dolor dolores quaerat temporibus enim.', 1, '2019-04-03 07:56:32', '2019-04-03 07:56:32'),
(684, 48, 0, 'Temporibus corrupti molestiae eligendi veniam.', 1, '2019-04-03 07:56:32', '2019-04-03 07:56:32'),
(685, 48, 0, 'Voluptas aspernatur quis officia et minima eligendi maiores et.', 1, '2019-04-03 07:56:32', '2019-04-03 07:56:32'),
(686, 48, 0, 'Sed qui amet aut quae aliquid quam accusantium.', 1, '2019-04-03 07:56:32', '2019-04-03 07:56:32'),
(687, 49, 0, 'Doloribus laborum quia esse velit est.', 1, '2019-04-03 07:56:33', '2019-04-03 07:56:33'),
(688, 49, 0, 'Quaerat dolorem reprehenderit excepturi aliquid et in.', 1, '2019-04-03 07:56:33', '2019-04-03 07:56:33'),
(689, 49, 0, 'Consectetur doloribus sit earum atque nobis cum ut amet.', 0, '2019-04-03 07:56:33', '2019-04-03 07:56:33'),
(690, 49, 0, 'Hic rerum exercitationem dolores nisi soluta.', 1, '2019-04-03 07:56:33', '2019-04-03 07:56:33'),
(691, 49, 0, 'Aliquam odio ex quis nam aut.', 0, '2019-04-03 07:56:33', '2019-04-03 07:56:33'),
(692, 49, 0, 'Animi illum consequatur dolor voluptas veritatis nihil necessitatibus temporibus.', 1, '2019-04-03 07:56:33', '2019-04-03 07:56:33'),
(693, 49, 0, 'Quas at praesentium laborum commodi autem rem.', 1, '2019-04-03 07:56:33', '2019-04-03 07:56:33'),
(694, 49, 0, 'Et ab odio unde vitae voluptatem error omnis officia.', 1, '2019-04-03 07:56:33', '2019-04-03 07:56:33'),
(695, 49, 0, 'Cum sit soluta voluptas ratione excepturi.', 0, '2019-04-03 07:56:33', '2019-04-03 07:56:33'),
(696, 49, 0, 'Provident qui ullam officiis incidunt quibusdam.', 0, '2019-04-03 07:56:33', '2019-04-03 07:56:33'),
(697, 49, 0, 'Perspiciatis labore iste illum qui ut amet.', 0, '2019-04-03 07:56:33', '2019-04-03 07:56:33'),
(698, 49, 0, 'Eius et et architecto.', 1, '2019-04-03 07:56:33', '2019-04-03 07:56:33'),
(699, 49, 0, 'Doloremque nobis vitae reiciendis blanditiis porro.', 1, '2019-04-03 07:56:33', '2019-04-03 07:56:33'),
(700, 49, 0, 'Voluptatum nesciunt molestias excepturi.', 1, '2019-04-03 07:56:33', '2019-04-03 07:56:33'),
(701, 49, 0, 'Cum occaecati quia reprehenderit consequuntur voluptates vel.', 0, '2019-04-03 07:56:33', '2019-04-03 07:56:33'),
(702, 49, 0, 'Qui porro eos itaque quisquam quod ut.', 0, '2019-04-03 07:56:33', '2019-04-03 07:56:33'),
(703, 49, 0, 'Dolores consequuntur et et a incidunt.', 0, '2019-04-03 07:56:33', '2019-04-03 07:56:33'),
(704, 49, 0, 'Vero ad cum ad totam sed asperiores.', 1, '2019-04-03 07:56:33', '2019-04-03 07:56:33'),
(705, 50, 0, 'Rerum in aut error natus esse tempora.', 1, '2019-04-03 07:56:33', '2019-04-03 07:56:33'),
(706, 50, 0, 'Sit dolorem aliquid voluptatem.', 1, '2019-04-03 07:56:33', '2019-04-03 07:56:33'),
(707, 50, 0, 'Quasi qui cupiditate dolore aut dolor et.', 1, '2019-04-03 07:56:33', '2019-04-03 07:56:33'),
(708, 50, 0, 'Quaerat tempora perspiciatis ex architecto consequatur asperiores.', 0, '2019-04-03 07:56:33', '2019-04-03 07:56:33'),
(709, 50, 0, 'Alias aspernatur et maiores iste.', 0, '2019-04-03 07:56:33', '2019-04-03 07:56:33'),
(710, 50, 0, 'Voluptatem dignissimos temporibus pariatur ab delectus iusto voluptatem possimus.', 0, '2019-04-03 07:56:33', '2019-04-03 07:56:33'),
(711, 50, 0, 'Et velit enim labore ipsam.', 0, '2019-04-03 07:56:33', '2019-04-03 07:56:33'),
(712, 50, 0, 'Incidunt animi molestiae numquam ut ex quasi dignissimos.', 0, '2019-04-03 07:56:33', '2019-04-03 07:56:33'),
(713, 50, 0, 'Ipsum voluptas perferendis iusto eum adipisci sed dignissimos est.', 0, '2019-04-03 07:56:33', '2019-04-03 07:56:33'),
(714, 50, 0, 'Optio id ipsam ad numquam pariatur.', 0, '2019-04-03 07:56:33', '2019-04-03 07:56:33'),
(715, 50, 0, 'Voluptatibus cum ea excepturi voluptas dignissimos.', 0, '2019-04-03 07:56:33', '2019-04-03 07:56:33'),
(716, 50, 0, 'Sint aut a ducimus ratione corrupti.', 1, '2019-04-03 07:56:33', '2019-04-03 07:56:33'),
(717, 50, 0, 'Tenetur quod non alias veniam earum ut rerum possimus.', 1, '2019-04-03 07:56:33', '2019-04-03 07:56:33'),
(718, 50, 0, 'Enim voluptatibus possimus ut debitis cupiditate.', 1, '2019-04-03 07:56:33', '2019-04-03 07:56:33'),
(719, 51, 0, 'Ipsa expedita eum maiores voluptatem et.', 0, '2019-04-03 07:56:33', '2019-04-03 07:56:33'),
(720, 51, 0, 'Soluta excepturi doloremque quia error velit porro animi.', 0, '2019-04-03 07:56:33', '2019-04-03 07:56:33'),
(721, 51, 0, 'Numquam facere assumenda beatae voluptas esse.', 1, '2019-04-03 07:56:33', '2019-04-03 07:56:33'),
(722, 51, 0, 'Quidem a eum saepe iusto repudiandae beatae doloremque.', 0, '2019-04-03 07:56:33', '2019-04-03 07:56:33'),
(723, 51, 0, 'Voluptatibus corporis voluptatem quaerat ad inventore labore iure.', 0, '2019-04-03 07:56:33', '2019-04-03 07:56:33'),
(724, 51, 0, 'Eos velit ut voluptas consectetur.', 0, '2019-04-03 07:56:33', '2019-04-03 07:56:33'),
(725, 51, 0, 'Et fugiat quia sit deleniti vel est.', 1, '2019-04-03 07:56:33', '2019-04-03 07:56:33'),
(726, 51, 0, 'Et praesentium ut ratione enim sit officia et.', 0, '2019-04-03 07:56:33', '2019-04-03 07:56:33'),
(727, 51, 0, 'Eos odio maiores qui ullam.', 1, '2019-04-03 07:56:33', '2019-04-03 07:56:33'),
(728, 51, 0, 'Velit quia facere alias perspiciatis hic nulla.', 1, '2019-04-03 07:56:33', '2019-04-03 07:56:33'),
(729, 51, 0, 'Ut autem a qui accusamus est.', 1, '2019-04-03 07:56:33', '2019-04-03 07:56:33'),
(730, 51, 0, 'Officiis dignissimos nam molestiae facere et.', 0, '2019-04-03 07:56:33', '2019-04-03 07:56:33'),
(731, 51, 0, 'Dolore sed libero voluptatem dolor facere consequuntur cum quod.', 1, '2019-04-03 07:56:33', '2019-04-03 07:56:33'),
(732, 51, 0, 'Ad eveniet laborum reprehenderit et fuga adipisci.', 1, '2019-04-03 07:56:33', '2019-04-03 07:56:33'),
(733, 51, 0, 'Beatae quia accusamus ex sed beatae autem.', 1, '2019-04-03 07:56:33', '2019-04-03 07:56:33'),
(734, 51, 0, 'Praesentium doloremque omnis ut nesciunt qui omnis.', 1, '2019-04-03 07:56:33', '2019-04-03 07:56:33'),
(735, 52, 0, 'Dolore harum velit autem similique vel corporis iusto.', 1, '2019-04-03 07:56:33', '2019-04-03 07:56:33'),
(736, 52, 0, 'Non rerum alias sunt aliquid.', 1, '2019-04-03 07:56:33', '2019-04-03 07:56:33'),
(737, 52, 0, 'Tenetur aspernatur inventore quasi exercitationem nam.', 0, '2019-04-03 07:56:33', '2019-04-03 07:56:33'),
(738, 52, 0, 'Quam in itaque enim.', 0, '2019-04-03 07:56:33', '2019-04-03 07:56:33'),
(739, 52, 0, 'Totam qui consequatur vel similique.', 0, '2019-04-03 07:56:33', '2019-04-03 07:56:33'),
(740, 52, 0, 'Porro aspernatur architecto et voluptatem.', 0, '2019-04-03 07:56:33', '2019-04-03 07:56:33'),
(741, 52, 0, 'Occaecati pariatur reiciendis consequuntur et et dolorem.', 1, '2019-04-03 07:56:33', '2019-04-03 07:56:33'),
(742, 52, 0, 'Voluptas cumque est qui voluptatem.', 1, '2019-04-03 07:56:33', '2019-04-03 07:56:33'),
(743, 52, 0, 'Reprehenderit dolorem nemo in error numquam voluptate labore.', 0, '2019-04-03 07:56:33', '2019-04-03 07:56:33'),
(744, 52, 0, 'Enim nemo et dolorem eos debitis totam quae.', 0, '2019-04-03 07:56:33', '2019-04-03 07:56:33'),
(745, 52, 0, 'Est maxime doloribus maxime voluptatem porro neque odio eaque.', 0, '2019-04-03 07:56:33', '2019-04-03 07:56:33'),
(746, 52, 0, 'Corrupti deserunt explicabo magnam perferendis soluta adipisci debitis.', 0, '2019-04-03 07:56:33', '2019-04-03 07:56:33'),
(747, 52, 0, 'Et excepturi delectus soluta explicabo eveniet nihil libero ipsam.', 1, '2019-04-03 07:56:33', '2019-04-03 07:56:33'),
(748, 52, 0, 'Voluptatem nulla dolorum cupiditate dolores nisi.', 0, '2019-04-03 07:56:33', '2019-04-03 07:56:33'),
(749, 52, 0, 'Dolor explicabo et vitae non molestiae qui.', 1, '2019-04-03 07:56:33', '2019-04-03 07:56:33'),
(750, 52, 0, 'Sed iusto animi ut natus voluptatem tempore.', 1, '2019-04-03 07:56:33', '2019-04-03 07:56:33'),
(751, 52, 0, 'Tempore incidunt sint consectetur quod.', 1, '2019-04-03 07:56:33', '2019-04-03 07:56:33'),
(752, 52, 0, 'Iste qui quam voluptas est.', 0, '2019-04-03 07:56:33', '2019-04-03 07:56:33'),
(753, 52, 0, 'Omnis et natus itaque voluptates debitis in omnis.', 1, '2019-04-03 07:56:33', '2019-04-03 07:56:33'),
(754, 1, 0, 'i hate fish', 1, '2019-04-03 09:53:50', '2019-04-03 09:53:55'),
(755, 1, 0, 'dsqsqd', 1, '2019-04-03 09:57:25', '2019-04-03 09:58:06'),
(756, 1, 0, 'i like dogs', 1, '2019-04-03 10:27:26', '2019-04-03 10:27:29');

-- --------------------------------------------------------

--
-- Table structure for table `users`
--

CREATE TABLE `users` (
  `id` bigint(20) UNSIGNED NOT NULL,
  `name` varchar(255) COLLATE utf8mb4_unicode_ci NOT NULL,
  `email` varchar(255) COLLATE utf8mb4_unicode_ci NOT NULL,
  `email_verified_at` timestamp NULL DEFAULT NULL,
  `password` varchar(255) COLLATE utf8mb4_unicode_ci NOT NULL,
  `remember_token` varchar(100) COLLATE utf8mb4_unicode_ci DEFAULT NULL,
  `created_at` timestamp NULL DEFAULT NULL,
  `updated_at` timestamp NULL DEFAULT NULL
) ENGINE=InnoDB DEFAULT CHARSET=utf8mb4 COLLATE=utf8mb4_unicode_ci;

--
-- Dumping data for table `users`
--

INSERT INTO `users` (`id`, `name`, `email`, `email_verified_at`, `password`, `remember_token`, `created_at`, `updated_at`) VALUES
(1, 'Test User', 'user@example.com', '2019-04-03 06:31:22', '$2y$10$y83ROZilrmk3YQLDCfZAduCA4oneNRRUI2sT7i8ZVUTaeRYBNoB1m', '1UybpF2Rzdm5vnLpQjSSat5rWzK2656QrgXtmuUn4dScfeQcvMEX3qcEwVnJ', '2019-04-03 06:31:22', '2019-04-03 06:31:22'),
(2, 'Sam Frami', 'hector94@example.net', '2019-04-03 06:31:22', '$2y$10$/tRmoYtajq9yHjZL05CtUe7w7s9Wd4wxYrsEetrgeDo0cnbpiQJH.', '6Fc8isKm2m', '2019-04-03 06:31:25', '2019-04-03 06:31:25'),
(3, 'Darrel Osinski', 'reinger.tod@example.com', '2019-04-03 06:31:22', '$2y$10$YNf04z9TQeHNgdr8BIy77OGlozJ.SjycXR4J0/gC.fLpcMQ3tU66q', '1z9M6LFNAP', '2019-04-03 06:31:25', '2019-04-03 06:31:25'),
(4, 'Linnea Wilkinson V', 'allan.schmitt@example.net', '2019-04-03 06:31:22', '$2y$10$chHeSQTWlhGim5/j.s8ZyOt/EieWy4EK7WZDzIMfWv3gJ3ZXKrKiS', 'yismMLgQuF', '2019-04-03 06:31:25', '2019-04-03 06:31:25'),
(5, 'Mr. Gerson Murphy', 'manuela63@example.org', '2019-04-03 06:31:22', '$2y$10$CPiwqZfDYAMPE70tzO6Km.zY6HkNSx0edOh6ykz2hzx4gz6MSd.Cm', 'th4Zzv36MO', '2019-04-03 06:31:25', '2019-04-03 06:31:25'),
(6, 'Hassie Dibbert Sr.', 'dina53@example.org', '2019-04-03 06:31:22', '$2y$10$0OhlrnM/Z3Hfe59a7FdX9e.iDQnstDsEnMrt9kBD7qzEh8vZZWz4W', 'dLgiqKRbmx', '2019-04-03 06:31:25', '2019-04-03 06:31:25'),
(7, 'Bridgette Beier', 'preston35@example.net', '2019-04-03 06:31:22', '$2y$10$Y7fuUrvMH2i7993i69gdYuuW/7RuK72UoFRht79hR8WCnAK6TDM0.', 'wCuqzDKvlQ', '2019-04-03 06:31:25', '2019-04-03 06:31:25'),
(8, 'Terrill Kreiger', 'boyle.bill@example.net', '2019-04-03 06:31:23', '$2y$10$4pq2pX5RflNRGaQaTa4c/uLiHuJbyAm.WV00MjejVNlP3kyP0INkm', '2hi5J5nnGc', '2019-04-03 06:31:25', '2019-04-03 06:31:25'),
(9, 'Rae Funk', 'thackett@example.com', '2019-04-03 06:31:23', '$2y$10$i2aOXoGMRpJ7E/FNfMcEkuzWF4FvW1C.v4mBekzm622Eot9E6WY9u', 'DOdiHX1qRu', '2019-04-03 06:31:25', '2019-04-03 06:31:25'),
(10, 'Lonnie Renner III', 'osbaldo15@example.org', '2019-04-03 06:31:23', '$2y$10$FPnHwswb6uX4B.mu8Y.aTeMOh25GhLttdx.QpFSQLblwhyBASWaO2', 'vFFY369kG3', '2019-04-03 06:31:25', '2019-04-03 06:31:25'),
(11, 'Baron Schmidt', 'jayda76@example.org', '2019-04-03 06:31:23', '$2y$10$0/4SRdz7KFu6EvTEEmUOveGDKwR4pylnyuP1x1ap3rIdvGFOCLZn6', 'WeaIr9A1cl', '2019-04-03 06:31:25', '2019-04-03 06:31:25'),
(12, 'Prof. Sylvan Ortiz', 'ayden54@example.com', '2019-04-03 06:31:23', '$2y$10$CUSv9okkcksLk6Pt5dywvuRcSPjxHRSjanwOzVV/RCBFdBHyBiNdS', 'jXPZYFsglg', '2019-04-03 06:31:25', '2019-04-03 06:31:25'),
(13, 'Domenico Sawayn PhD', 'xlegros@example.com', '2019-04-03 06:31:23', '$2y$10$bZTKmFiZNNx/Fih.FiX3HOLh.BP9IWuAmqw3Wwx0WGW.IJ/yhDWiW', 'l4XjEflfMC', '2019-04-03 06:31:25', '2019-04-03 06:31:25'),
(14, 'Rupert Streich', 'lura64@example.com', '2019-04-03 06:31:23', '$2y$10$8cQBMd3ThuKCTdGohWRHY.oOXgx5H5jw9x3hhlpNKyE3rusZ4nw8i', 'iokxzDi0Ve', '2019-04-03 06:31:25', '2019-04-03 06:31:25'),
(15, 'Mr. Houston Keeling V', 'dkerluke@example.com', '2019-04-03 06:31:23', '$2y$10$wDcjaUqQP/QCNmVeCpff5eSWflX.7j1l/707z3NNkcP6T2Z0qM62q', 'X2t3GMbahM', '2019-04-03 06:31:25', '2019-04-03 06:31:25'),
(16, 'Abbigail Wisozk V', 'verda.rau@example.org', '2019-04-03 06:31:23', '$2y$10$LEjX8QPdLx3sBWGbJT2R6unxuGoept2HlrHAJcB3RaapIk5sY8pqG', 'PFNI9Sb7LS', '2019-04-03 06:31:25', '2019-04-03 06:31:25'),
(17, 'Prof. Makayla Wiza', 'hiram98@example.org', '2019-04-03 06:31:23', '$2y$10$aaeChkAkjvTzlb6RZ9ftJuHGXS.C/IO/vlaF8LyFngGRswcTJDnuC', 't3J8CUEBYi', '2019-04-03 06:31:25', '2019-04-03 06:31:25'),
(18, 'Prof. Percival Funk Sr.', 'aileen82@example.org', '2019-04-03 06:31:23', '$2y$10$qXFwWGCSQVV37K5v3hI4veQ7LnkwVW6KDxqTG8fcFjiV7HGg64Qby', 'wmmZA461qa', '2019-04-03 06:31:25', '2019-04-03 06:31:25'),
(19, 'Prof. Kip Miller DVM', 'huel.adriel@example.org', '2019-04-03 06:31:23', '$2y$10$gWvhyOjh1UgJXiuvLQ/P6OUJ4kPIgyopkoMJ2QnqUwBYnVns8N45G', 'LlQLNNgX3M', '2019-04-03 06:31:25', '2019-04-03 06:31:25'),
(20, 'Alexandria Beer', 'litzy02@example.org', '2019-04-03 06:31:23', '$2y$10$.wvMG6yv4VyHhLbaHD4DO.Y6P2hCpc87DTwppWdMQ1u/DYCET1Gjq', 'Cb4s9DA7dW', '2019-04-03 06:31:25', '2019-04-03 06:31:25'),
(21, 'Lucio Hoppe', 'mazie82@example.com', '2019-04-03 06:31:23', '$2y$10$3nINwohL.JhpmCorA90N6uF/F05sbsilIjwZhv13Zf61bJJe4mcWG', 'POu1TtnmOn', '2019-04-03 06:31:25', '2019-04-03 06:31:25'),
(22, 'Johnathan Pagac', 'kiana69@example.net', '2019-04-03 06:31:23', '$2y$10$2C1g.Jc9IPlR.EcxBzDZJuLca5uYvu9QBcT2fUbM29aoaRCL277W.', 'S1UGxPqFnn', '2019-04-03 06:31:25', '2019-04-03 06:31:25'),
(23, 'Rowland Tremblay DDS', 'gibson.finn@example.net', '2019-04-03 06:31:23', '$2y$10$Rrb1dxNvs8sY0IhJcmX2IuUF0prvsVbtVfB6ADGObJVprwwDxCn72', 'cORZlKvE4A', '2019-04-03 06:31:25', '2019-04-03 06:31:25'),
(24, 'Parker Rath', 'oreilly.justus@example.com', '2019-04-03 06:31:23', '$2y$10$pUjLLaycUyLywlu20JsPvO3gtvyNyuCpU7eCUvRtjNuH5aotgfq.2', '1R1G0dghsu', '2019-04-03 06:31:25', '2019-04-03 06:31:25'),
(25, 'Dr. Camilla Ankunding DVM', 'flatley.glenda@example.org', '2019-04-03 06:31:23', '$2y$10$IAZkMHg7uEFUwiSWHEegjeXVbDIwyUVxBy7jlCsG8iF2sonFcnt/i', 'J1NFY8Dstk', '2019-04-03 06:31:25', '2019-04-03 06:31:25'),
(26, 'Prof. Hillary Ward Sr.', 'bahringer.adrienne@example.org', '2019-04-03 06:31:24', '$2y$10$k/SH8GsZ.d6jZnyL7UiZQ.76/1qkfy4JsL6d6wRi4HF7KCYIQRl6G', 'dzKGLU1GBS', '2019-04-03 06:31:25', '2019-04-03 06:31:25'),
(27, 'Murray Kub', 'powlowski.cecil@example.net', '2019-04-03 06:31:24', '$2y$10$MG6gdwDB6bgrjyvP8ccksOcV3NtIoLLNGuK0bB6xXbzhdWxYUsPJe', 'B79oVZ52je', '2019-04-03 06:31:25', '2019-04-03 06:31:25'),
(28, 'Dr. Julien Wiegand', 'storphy@example.net', '2019-04-03 06:31:24', '$2y$10$7gtI8qYMTWI.3NSi2ekFI.LLmIidJBGKVaSB6m.bN2jISWxaglzgm', 't2f42R3Ria', '2019-04-03 06:31:25', '2019-04-03 06:31:25'),
(29, 'Gonzalo Gerlach', 'xdubuque@example.net', '2019-04-03 06:31:24', '$2y$10$rNKT5z5i8LpAk/ylUAR4BOqG8REWH5hFdU11ZQcATEsT.uK/Nq7P6', 'iKViIY6u1Z', '2019-04-03 06:31:25', '2019-04-03 06:31:25'),
(30, 'Delores Blick', 'padams@example.net', '2019-04-03 06:31:24', '$2y$10$m0J3sc/sr9AuvQeeMVY8mOb1oM/orCId0TzFaGAtWTJldOkYam8KK', 'YDaGRM2Ygk', '2019-04-03 06:31:25', '2019-04-03 06:31:25'),
(31, 'Isobel Toy', 'grover35@example.org', '2019-04-03 06:31:24', '$2y$10$Lxytv9SpuFN.tzhr7VLbpe98DOf6XEmg70AqBWtWd9ag1uCmO.2eO', 'Wx6qmsezLk', '2019-04-03 06:31:25', '2019-04-03 06:31:25'),
(32, 'Verda Hayes', 'vheidenreich@example.net', '2019-04-03 06:31:24', '$2y$10$6mCnWWGJvlVwyXk8f2YkDew0naSIV.m6oa30foGRQj0f7rQm10jnS', 'LMYh55UnIo', '2019-04-03 06:31:25', '2019-04-03 06:31:25'),
(33, 'Karen Gusikowski', 'tiana.cummings@example.com', '2019-04-03 06:31:24', '$2y$10$lcZDawDGMyvaEFOkZYdL3uP4.VMiPZeZEGtEVfy2kKxli55TF8yvy', '6nhFmmyXMi', '2019-04-03 06:31:25', '2019-04-03 06:31:25'),
(34, 'Sonia Schamberger', 'obeatty@example.org', '2019-04-03 06:31:24', '$2y$10$pJv0q8Ss41iduFZHf2U5X.BmNvtVNGjT6hjAKdksGoPNLeu89UOzu', 'ZR1VglzyNP', '2019-04-03 06:31:25', '2019-04-03 06:31:25'),
(35, 'Arvel Rutherford V', 'shanie.armstrong@example.org', '2019-04-03 06:31:24', '$2y$10$G38dyX88TYwNgaiGxtxBduohnjKfvrY8qY/27h5nOhmLxc37O4QSe', 'mTx4gLPyxn', '2019-04-03 06:31:25', '2019-04-03 06:31:25'),
(36, 'Linwood Ankunding', 'rkohler@example.org', '2019-04-03 06:31:24', '$2y$10$cjQsbgxCLg1./IbHGAEsbuQjPo3DW4NWx2T7usHAWFyW6/SFY4fn6', 'vTksPrjpBF', '2019-04-03 06:31:25', '2019-04-03 06:31:25'),
(37, 'Florencio Monahan', 'corkery.dayna@example.net', '2019-04-03 06:31:24', '$2y$10$yOKYc9RuzdyuiL.pWhGYH.pzYKKgnuNuq95MkTLLilR3zrgci3Z..', 'WpVBDo43h9', '2019-04-03 06:31:25', '2019-04-03 06:31:25'),
(38, 'Pete Kshlerin', 'harmon.oconner@example.org', '2019-04-03 06:31:24', '$2y$10$1QAkojIKQt4IQQFZ6q9Abe39l7KBH0TEgkeTTARAs0aD2PHObnHPu', 'bxVB7AOWpC', '2019-04-03 06:31:25', '2019-04-03 06:31:25'),
(39, 'Gertrude Upton', 'kristofer.bins@example.net', '2019-04-03 06:31:24', '$2y$10$YqX9qhEbrnu9stSEbLTdWOti8Ly4RFts/0PUJWe/.DSkAejaUuTe6', 'q30ICW6Pcm', '2019-04-03 06:31:25', '2019-04-03 06:31:25'),
(40, 'Prof. Ward Lindgren', 'fsipes@example.org', '2019-04-03 06:31:24', '$2y$10$pKbGJ2z85k4ipGKKhOzmLucUHQNtzz9/kuoevmHpG1nC/aVKHOx4O', 'gcwEg72ZBw', '2019-04-03 06:31:25', '2019-04-03 06:31:25'),
(41, 'Mr. Barton Fritsch DVM', 'anya39@example.org', '2019-04-03 06:31:24', '$2y$10$tSSYlPob0ixCdj0voh.Dyu6r7eU.7SuwjX4N7SosxrlIwjVSwVC7i', 'Una8U94SAd', '2019-04-03 06:31:25', '2019-04-03 06:31:25'),
(42, 'Colby Mayert', 'dtowne@example.org', '2019-04-03 06:31:24', '$2y$10$IshaPeYHj.3lCQdOs2XKm.3MhyHmU5JDSu15JrT5qN2wcHxqL1uX.', 'o7exnkn3dZ', '2019-04-03 06:31:25', '2019-04-03 06:31:25'),
(43, 'Yasmeen Hudson', 'krajcik.clifford@example.org', '2019-04-03 06:31:24', '$2y$10$yEiYxkcx49IRnTnEOs0/BOzkANyo7M1kZ4wkBolULffEzZywFAh6G', 'fcCfnLYqNR', '2019-04-03 06:31:25', '2019-04-03 06:31:25'),
(44, 'Judd Walker', 'jessica62@example.net', '2019-04-03 06:31:25', '$2y$10$eONtdQ7KGAbC/UF7.jqy8.1Wq9Itw1VLWbckxoTsRUk.HP545yTpq', '6ZG0dEDxn6', '2019-04-03 06:31:25', '2019-04-03 06:31:25'),
(45, 'Johathan Hackett III', 'devyn.stehr@example.com', '2019-04-03 06:31:25', '$2y$10$8Y3kxai7hklQtvqSG6D2julR9jHXsOtV8FHvDrtHrM5Es8P1zz5SW', 'WP1jg6S67Y', '2019-04-03 06:31:25', '2019-04-03 06:31:25'),
(46, 'Callie Hauck', 'vmertz@example.org', '2019-04-03 06:31:25', '$2y$10$5Bxo6kVv2q/MN/CMwppKrufq35Tu/.RuK3wo4AKDpqm1/3kdZupOC', 'Dcu1Mxtblq', '2019-04-03 06:31:25', '2019-04-03 06:31:25'),
(47, 'Miss Alaina Schuster', 'wilfrid.sauer@example.org', '2019-04-03 06:31:25', '$2y$10$EJJCk6w6yrO67Mauj8Q67.9XxA1FR6h.VOW6.YPHOwGY8Nsu4aopu', '239pvuCUvd', '2019-04-03 06:31:25', '2019-04-03 06:31:25'),
(48, 'Willis O\'Connell', 'lberge@example.com', '2019-04-03 06:31:25', '$2y$10$jWURbZr2IGsyt2PAcMbGUekcq6Kgt.FuJPV8.cGmQg4Yf60vtszU2', 'ViVHLEPH7W', '2019-04-03 06:31:25', '2019-04-03 06:31:25'),
(49, 'Miss Leonora Dibbert', 'thora.moore@example.net', '2019-04-03 06:31:25', '$2y$10$uFnLoEyTVrGCeAKMGMybCOkt33gaFrWfQfqF9G7ma0axQoCDo0uBu', 'onaDEZZJ3o', '2019-04-03 06:31:25', '2019-04-03 06:31:25'),
(50, 'Lucio Schuppe', 'amy61@example.com', '2019-04-03 06:31:25', '$2y$10$5xUog7LUZqxEb8Ge/mF9rOJhFrrd8vWcj2OosI5jIbaoniqvU4/Ti', 'wkTDxq1kZq', '2019-04-03 06:31:25', '2019-04-03 06:31:25'),
(51, 'Magnolia Will', 'mbernhard@example.org', '2019-04-03 06:31:25', '$2y$10$PgrkazjnEayYKG6ogxKsbuwP0Nwiz7l8jE50fZZZYovB2a2tc4OEO', 'OA2vRjW0uB', '2019-04-03 06:31:25', '2019-04-03 06:31:25'),
(52, 'Ezra Augustin', 'elidoom88@gmail.com', NULL, '$2y$10$xboEH38pk4XzCuvJqtJzO.PLxsACtDayN9sWYEUaaEODwuqPXp/6a', NULL, '2019-04-03 07:20:09', '2019-04-03 07:20:09');

--
-- Indexes for dumped tables
--

--
-- Indexes for table `category`
--
ALTER TABLE `category`
  ADD PRIMARY KEY (`id`);

--
-- Indexes for table `migrations`
--
ALTER TABLE `migrations`
  ADD PRIMARY KEY (`id`);

--
-- Indexes for table `password_resets`
--
ALTER TABLE `password_resets`
  ADD PRIMARY KEY (`id`),
  ADD KEY `password_resets_email_index` (`email`);

--
-- Indexes for table `tasks`
--
ALTER TABLE `tasks`
  ADD PRIMARY KEY (`id`),
  ADD KEY `user_id` (`user_id`),
  ADD KEY `user_id_2` (`user_id`),
  ADD KEY `user_id_3` (`user_id`);

--
-- Indexes for table `users`
--
ALTER TABLE `users`
  ADD PRIMARY KEY (`id`),
  ADD UNIQUE KEY `users_email_unique` (`email`);

--
-- AUTO_INCREMENT for dumped tables
--

--
-- AUTO_INCREMENT for table `category`
--
ALTER TABLE `category`
  MODIFY `id` int(11) NOT NULL AUTO_INCREMENT;
--
-- AUTO_INCREMENT for table `migrations`
--
ALTER TABLE `migrations`
  MODIFY `id` int(10) UNSIGNED NOT NULL AUTO_INCREMENT, AUTO_INCREMENT=3;
--
-- AUTO_INCREMENT for table `password_resets`
--
ALTER TABLE `password_resets`
  MODIFY `id` int(10) UNSIGNED NOT NULL AUTO_INCREMENT, AUTO_INCREMENT=5;
--
-- AUTO_INCREMENT for table `tasks`
--
ALTER TABLE `tasks`
  MODIFY `id` int(10) UNSIGNED NOT NULL AUTO_INCREMENT, AUTO_INCREMENT=757;
--
-- AUTO_INCREMENT for table `users`
--
ALTER TABLE `users`
  MODIFY `id` bigint(20) UNSIGNED NOT NULL AUTO_INCREMENT, AUTO_INCREMENT=53;
/*!40101 SET CHARACTER_SET_CLIENT=@OLD_CHARACTER_SET_CLIENT */;
/*!40101 SET CHARACTER_SET_RESULTS=@OLD_CHARACTER_SET_RESULTS */;
/*!40101 SET COLLATION_CONNECTION=@OLD_COLLATION_CONNECTION */;
